 Product Name,ASIN,Marketplace URL,UPC,SKU,Source URL,Handling Time,Bundle Qty,Source Price,Shipping Cost,Listed By,Initial price to list on Amazon,Tax,Buy Box,Marketplace,Amazon Fee FBA,Amazon Fee FBM,Lowest FBA,Lowest FBM,Sales Rank,Profit (FBA),Profit (FBM),Category,Approved for selling,
"PaperPlateRound5-13/16PK1000","B006PU2H5U","https://www.amazon.com/dp/B006PU2H5U","N/A","","https://www.zoro.com/i/G5392536","","1","40.01","5","","","3.2007999999999996","69.48","Amazon","26.12","8.34","69.48","84.07","3,799","-1.6499999999999986","16.130000000000003","DISHWARE_PLATE","Login to SC",
"Breathesmart-HEPA-OdorCell replacement filter","B00BWSWP5W","https://www.amazon.com/dp/B00BWSWP5W","893127001568","","https://www.walmart.com/ip/37284356?selected=true","","1","119","0.00","","","9.52","109","Amazon","26.91","16.35","109","109","15,218","-36.91","-26.349999999999994","HOME","Login to SC",
"Apple AirPods with Wireless Charging Case (Latest Model)","B07PYLT6DN","https://www.amazon.com/dp/B07PYLT6DN","190198764690","","https://www.walmart.com/ip/482532021?selected=true","","1","159.98","0.00","","","12.798399999999999","159.98","Amazon","23.55","19.8","159.98","191.92","7","-23.55000000000001","-19.80000000000001","HEADPHONES","Login to SC",
"Apple Pencil (2nd Generation)","B07K1WWBJK","https://www.amazon.com/dp/B07K1WWBJK","190198893277","","https://www.walmart.com/ip/949679706?selected=true","","1","124.98","0.00","","","9.9984","124.98","Amazon","20.58","17","124.98","138.42","2","-20.58","-17","INPUT_PEN","Login to SC",
"eufy boostiq robovac 11s (slim) robot vacuum cleaner super-thin 1300pa strong suction quiet self-charging robotic vacuum cleaner cleans hard floors to medium-pile carpets","B079QYYGF1","https://www.amazon.com/dp/B079QYYGF1","848061065329","","https://www.walmart.com/ip/569073620?selected=true","","1","159.99","0.00","","","12.7992","197.99","Amazon","37.29","29.7","197.99","210.67","619","0.710000000000008","8.300000000000011","ROBOTIC_VACUUM_CLEANER","Login to SC",
"Bissell 3624 Spot Clean Pro Portable Deep Cleaner","B008DBRFBK","https://www.amazon.com/dp/B008DBRFBK","N/A","","https://www.overstock.com/Home-Garden/Bissell-3624-Spot-Clean-Pro-Portable-Deep-Cleaner/7110256/product.html","","1","159.99","0.00","","","12.7992","159.99","Amazon","42.16","24","159.99","270","133","-42.16","-24","VACUUM_CLEANER","Login to SC",
"Medium Duty 2300 psi 1.7 gpm Cold Water Electric Pressure Washer","B00CPGMUXW","https://www.amazon.com/dp/B00CPGMUXW","N/A","","https://www.zoro.com/i/G0547981","","1","155","0.00","","","12.4","145.94","Amazon","50.93","21.75","145.94","145","112","-59.99000000000001","-30.810000000000002","PRESSURE_WASHER","Login to SC",
"Black & Decker/dewalt 20V 2 Tool Combo Kit","B00IJ0ALYS","https://www.amazon.com/dp/B00IJ0ALYS","885911343046","","https://www.walmart.com/ip/46650765?selected=true","","1","178.8","0.00","","","14.304","149","Amazon","25.77","17.88","149","173.03","352","-55.57000000000001","-47.68000000000001","SCREEN_PROTECTOR","Login to SC",
"Navigator Lift-Away Deluxe Bagless Vacuum Cleaner","B00JH98GR4","https://www.amazon.com/dp/B00JH98GR4","622356533225","","https://www.homedepot.com/p/Shark-Navigator-Lift-Away-Deluxe-Bagless-Vacuum-Cleaner-NV360/206430263","","1","169.99","0.00","","","13.599200000000002","169.99","Amazon","45.94","25.5","169.99","264","1,042","-45.94","-25.5","VACUUM_CLEANER","Login to SC",
"Cosori CP158-AF Air Fryer 5.8QT","B07GJBBGHG","https://www.amazon.com/dp/B07GJBBGHG","817915024140","","https://www.walmart.com/ip/498451888?selected=true","","1","122.98","0.00","","","9.8384","89.95","Amazon","36.16","18","119.99","155","55","-69.19","-51.03","AIR_FRYER","Login to SC",
"Mega Kitchen System 72 oz. 5-Speed Black Blender and Food Processor with Travel Cups (BL770)","B00939I7EK","https://www.amazon.com/dp/B00939I7EK","622356532419","","https://www.homedepot.com/p/NINJA-Mega-Kitchen-System-72-oz-5-Speed-Black-Blender-and-Food-Processor-with-Travel-Cups-BL770-BL770/206439036","","1","159.99","0.00","","","12.7992","159.99","Amazon","41.4","24","159.99","149.99","267","-41.400000000000006","-24","FOOD_PROCESSOR","Login to SC",
"Toshiba EM131A5C-BS Microwave Oven with Smart Sensor Easy Clean Interior ECO Mode and Sound On/Off 1.2 Cu.ft 1100W Black Stainless Steel","B071WCB1T6","https://www.amazon.com/dp/B071WCB1T6","839724015492","","https://www.walmart.com/ip/680172170?selected=true","","1","140","0.00","","","11.2","129.99","Amazon","48.68","19.5","129.99","173.48","54","-58.69","-29.50999999999999","MICROWAVE_OVEN","Login to SC",
"Hoover PowerDash Pet Carpet Cleaner FH50700","B078YZ586K","https://www.amazon.com/dp/B078YZ586K","073502045350","","https://www.walmart.com/ip/335594678?selected=true","","1","99","0.00","","","7.92","99.99","Amazon","35.82","15","99.99","109.99","265","-34.83000000000001","-14.010000000000005","VACUUM_CLEANER","Login to SC",
"Cricut Explore Air 2 Smart-Cutting Machine Mint – DIY and Die-Cutting","B01GSOMVRG","https://www.amazon.com/dp/B01GSOMVRG","093573270383","","https://www.walmart.com/ip/54736763?selected=true","","1","199","0.00","","","15.92","N/A","Amazon","45.73","29.85","199","199.99","142","-45.72999999999999","-29.849999999999994","HOME","Login to SC",
"Apple Magic Keyboard with Numeric Keypad - US English","B071ZZTNBM","https://www.amazon.com/dp/B071ZZTNBM","190198383396","","https://www.walmart.com/ip/254728143?selected=true","","1","129.99","0.00","","","10.3992","N/A","Amazon","13.96","8.9","111.22","125","1","-32.73000000000002","-27.670000000000016","KEYBOARDS","Login to SC",
"Apple Pencil - Stylus for tablet - for 10.2-inch iPad (7th generation 8th generation); 10.5-inch iPad Air (3rd generation); 10.5-inch iPad Pro; 12.9-inch iPad Pro (1st generation 2nd generation); 9.7-inch iPad (6th generation); 9.7-inch iPad Pro; iPad mini 5","B016NY7784","https://www.amazon.com/dp/B016NY7784","888462313711","","https://www.walmart.com/ip/178030063?selected=true","","1","90","0.00","","","7.2","N/A","Amazon","11.17","7.59","94.88","99.99","1","-6.290000000000006","-2.710000000000008","INPUT_PEN","Login to SC",
"Honeywell HEPA Allergen Remover Air Purifier HPA300 Black","B00BWYO53G","https://www.amazon.com/dp/B00BWYO53G","092926403003","","https://www.walmart.com/ip/37770927?selected=true","","1","210.26","0.00","","","16.8208","210.26","Amazon","55.78","31.54","210.26","242.82","1,639","-55.78","-31.539999999999992","AIR_PURIFIER","Login to SC",
"Nutri Ninja 72 oz. 3-Speed Black Professional Blender with 2 Single Serve Cups (BL660)","B00939FV8K","https://www.amazon.com/dp/B00939FV8K","622356532099","","https://www.homedepot.com/p/NINJA-Nutri-Ninja-72-oz-3-Speed-Black-Professional-Blender-with-2-Single-Serve-Cups-BL660-BL660/206162306","","1","114.13","0.00","","","9.1304","N/A","Amazon","24.88","16.5","109.99","109.99","115","-29.019999999999996","-20.64","FOOD_BLENDER","Login to SC",
"Ninja Air Fryer 1550-Watt Programmable Base for Air Frying Roasting Reheating & Dehydrating with 4-Quart Ceramic Coated Baske","B07FDJMC9Q","https://www.amazon.com/dp/B07FDJMC9Q","622356554572","","https://www.walmart.com/ip/516008834?selected=true","","1","115","0.00","","","9.2","99.99","Amazon","32.02","15","99.99","120","110","-47.03","-30.010000000000005","AIR_FRYER","Login to SC",
"BISSELL SpotClean ProHeat Portable Spot and Stain Carpet Cleaner 2694 Blue","B07Q2MKX5C","https://www.amazon.com/dp/B07Q2MKX5C","011120250008","","https://www.walmart.com/ip/324522820?selected=true","","1","152.7","0.00","","","12.216","N/A","Amazon","33.12","18","119.99","194.4","3,396","-65.82999999999998","-50.709999999999994","CLEANING_AGENT","Login to SC",
"Spa Sensations by Zinus 9 Metal Smart Box Spring Mattress Foundation Queen","B00NPVCPRM","https://www.amazon.com/dp/B00NPVCPRM","841550068634","","https://www.walmart.com/ip/44555807?selected=true","","1","280","0.00","","","22.4","169.44","Amazon","53.95","25.42","169.44","173.55","322","-164.51","-135.98000000000002","HOME_FURNITURE_AND_DECOR","Login to SC",
"GermGuardian AC4825E Air Purifier with HEPA Filter and UVC Sanitizer","B004VGIGVY","https://www.amazon.com/dp/B004VGIGVY","N/A","","https://www.overstock.com/Home-Garden/GermGuardian-AC4825E-Air-Purifier-with-HEPA-Filter-and-UVC-Sanitizer/30333202/product.html","","1","84.99","0.00","","","6.7992","84.99","Amazon","28.25","12.75","84.99","119.95","407","-28.25","-12.75","AIR_PURIFIER","Login to SC",
"Shark Navigator Freestyle Cordless Stick Vacuum Cleaner - SV1106","B00C351GBC","https://www.amazon.com/dp/B00C351GBC","622356533096","","https://www.walmart.com/ip/22789319?selected=true","","1","146","0.00","","","11.68","129.47","Amazon","35.41","19.42","129.47","184.89","252","-51.94","-35.95","VACUUM_CLEANER","Login to SC",
"Wireless Surveillance CameraWhite1080p","B0758L64L9","https://www.amazon.com/dp/B0758L64L9","N/A","","https://www.zoro.com/i/G3785168","","1","205.22","0.00","","","16.4176","N/A","Amazon","36.09","30","199.99","N/A","63","-41.31999999999999","-35.22999999999999","PORTABLE_ELECTRONIC_DEVICE_MOUNT","Login to SC",
"TCL 32 Class 1080P FHD LED Roku Smart TV 3 Series 32S327","B07F981R8M","https://www.amazon.com/dp/B07F981R8M","846042009973","","https://www.walmart.com/ip/409693367?selected=true","","1","218","0.00","","","17.44","218","Amazon","34.84","17.44","218","218","165","-34.84","-17.439999999999998","TELEVISION","Login to SC",
"Frigidaire 35-Pint Dehumidifier with Effortless Humidity Control White","B07Z5PMDD3","https://www.amazon.com/dp/B07Z5PMDD3","012505283598","","https://www.walmart.com/ip/512074322?selected=true","","1","178.2","0.00","","","14.255999999999998","178.2","Amazon","58.95","26.73","178.2","169.95","2,584","-58.95","-26.72999999999999","DEHUMIDIFIER","Login to SC",
"Navigator Lift-Away Upright Vacuum Cleaner","B004Q4DRJW","https://www.amazon.com/dp/B004Q4DRJW","622356530828","","https://www.homedepot.com/p/Shark-Navigator-Lift-Away-Upright-Vacuum-Cleaner-NV352/202872026","","1","174.59","0.00","","","13.9672","N/A","Amazon","43.27","23.97","179.41","159.77","461","-58.09","-38.78999999999999","VACUUM_CLEANER","Login to SC",
"Cuisinart Toaster Oven Broilers Air Fryer","B01K0W8LTE","https://www.amazon.com/dp/B01K0W8LTE","086279116710","","https://www.walmart.com/ip/918908248?selected=true","","1","193","0.00","","","15.44","N/A","Amazon","54.239999999999995","28.48","192","189.89","661","-57.35000000000002","-31.590000000000003","AIR_FRYER","Login to SC",
"Frigidaire 5000 BTU 115-Volt Window Air Conditioner White FFRA051WAE","B07RGM11L5","https://www.amazon.com/dp/B07RGM11L5","012505282959","","https://www.walmart.com/ip/851885182?selected=true","","1","152.68","0.00","","","12.214400000000001","N/A","Amazon","46.69","22.450000000000003","149.67","168","2,316","-49.70000000000002","-25.460000000000022","AIR_CONDITIONER","Login to SC",
"Zinus 6”  Twin Innerspring Mattress 2 Piece Set for Bunk Beds","B01N0KXNFX","https://www.amazon.com/dp/B01N0KXNFX","841550103267","","https://www.walmart.com/ip/401812808?selected=true","","1","179","0.00","","","14.32","175.05","Amazon","70.78","26.26","175.05","173.75","3,802","-74.72999999999999","-30.20999999999998","MATTRESS","Login to SC",
"SAMSUNG Portable SSD USB 3.1 Gen.2 1TB External SSD - Single Unit Version MU-PA1T0B/AM","B073H552FJ","https://www.amazon.com/dp/B073H552FJ","887276226316","","https://www.walmart.com/ip/965823373?selected=true","","1","129.99","0.00","","","10.3992","N/A","Amazon","14.04","10.4","129.99","139.99","1","-14.039999999999992","-10.400000000000006","COMPUTER_DRIVE_OR_STORAGE","Login to SC",
"Bottom Loading Water Cooler Dispenser","B01AKTFK6Y","https://www.amazon.com/dp/B01AKTFK6Y","811691021676","","https://www.homedepot.com/p/Avalon-Bottom-Loading-Water-Cooler-Dispenser-A4BLWTRCLR/305555689","","1","193.99","0.00","","","15.519200000000001","193.99","Amazon","62.84","29.1","193.99","249.99","6,382","-62.84","-29.099999999999994","WATER_DISPENSER","Login to SC",
"Google Nest Cam Indoor Security Camera","B00WBJGUA2","https://www.amazon.com/dp/B00WBJGUA2","854448003655","","https://www.walmart.com/ip/45806610?selected=true","","1","126.88","0.00","","","10.1504","129.99","Amazon","15.35","10.4","129.99","142.08","48","-12.23999999999998","-7.289999999999992","SECURITY_CAMERA","Login to SC",
"Bissell Crosswave Multi-Surface Wet Dry Vacuum","B01DTYAZO4","https://www.amazon.com/dp/B01DTYAZO4","011120230505","","https://www.farmandfleet.com/products/1246612-bissell-crosswave-multi-surface-wet-dry-vacuum.html","","1","249.99","N/A","","","19.999200000000002","N/A","Amazon","57.94","37.5","249.99","249.99","1,864","-57.94","-37.5","VACUUM_CLEANER","Login to SC",
"Powerbeats Pro Totally Wireless Earphones with Apple H1 Headphone Chip - Navy","B07WBTX9FH","https://www.amazon.com/dp/B07WBTX9FH","190199096998","","https://www.walmart.com/ip/744963614?selected=true","","1","241.09","0.00","","","19.2872","N/A","Amazon","26.75","23","199.95","224.99","99","-67.89000000000001","-64.14000000000001","HEADPHONES","Login to SC",
"Apple Watch Series 3 GPS - 42mm - Sport Band - Aluminum Case","B07K3HG6T9","https://www.amazon.com/dp/B07K3HG6T9","190198806659","","https://www.walmart.com/ip/742230355?selected=true","","1","199","0.00","","","15.92","199","Amazon","26.67","22.92","N/A","254.94","454","-26.670000000000016","-22.920000000000016","WEARABLE_COMPUTER","Login to SC",
"Shark NV356E Navigator Pro Lift-Away Vacuum","B005KMDV9A","https://www.amazon.com/dp/B005KMDV9A","N/A","","https://www.overstock.com/Home-Garden/Shark-NV356E-Navigator-Pro-Lift-Away-Vacuum/6711134/product.html","","1","199.99","0.00","","","15.9992","199.99","Amazon","58.77","29.97","199.99","199.77","3,092","-58.77000000000001","-29.97","VACUUM_CLEANER","Login to SC",
"Keurig K-Cafe Single Serve K-Cup Coffee Maker Latte Maker and Cappuccino Maker Dark Charcoal","B07C1XC3GF","https://www.amazon.com/dp/B07C1XC3GF","611247375228","","https://www.walmart.com/ip/666725766?selected=true","","1","169.51","0.00","","","13.560799999999999","169.5","Amazon","44","25.08","169.51","167.17","1,445","-44.00999999999999","-25.089999999999975","COFFEE_MAKER","Login to SC",
"FoodSaver Vacuum Food Sealer","B00DI342B4","https://www.amazon.com/dp/B00DI342B4","053891105590","","https://www.boscovs.com/shop/prod/foodsaver-vacuum-food-sealer/506257.htm?vId=506257_1005200","","1","179.99","0.00","","","14.3992","179.99","Amazon","40.98","27","179.99","209.35","1,148","-40.97999999999999","-27","VACUUM_SEALER_MACHINE","Login to SC",
"Ninja Specialty Fold-Away Frother (CM401) Coffee Maker","B07PFLM2LK","https://www.amazon.com/dp/B07PFLM2LK","622356557535","","https://www.walmart.com/ip/400862556?selected=true","","1","159.99","0.00","","","12.7992","163.99","Amazon","41.62","24.6","169.99","163.99","3,224","-37.620000000000005","-20.599999999999994","COFFEE_MAKER","Login to SC",
"Professional 72 oz. 3-Speed Black Blender (BL610)","B00NGV4506","https://www.amazon.com/dp/B00NGV4506","622356536820","","https://www.homedepot.com/p/NINJA-Professional-72-oz-3-Speed-Black-Blender-BL610-BL610/206157571","","1","89.99","0.00","","","7.199199999999999","79.99","Amazon","24.08","12","79.99","97.75","131","-34.08","-22","FOOD_BLENDER","Login to SC",
"Bissell PowerFresh Steam Mop Hard Floor Steam Cleaner","B0091YYUAM","https://www.amazon.com/dp/B0091YYUAM","N/A","","https://www.overstock.com/Home-Garden/Bissell-PowerFresh-Steam-Mop-Hard-Floor-Steam-Cleaner/20750694/product.html","","1","89","0.00","","","7.12","N/A","Amazon","28.240000000000002","13.5","89.99","129.99","550","-27.250000000000007","-12.510000000000005","VACUUM_CLEANER","Login to SC",
"Keurig K-Mini Single Serve Coffee Maker Black","B07GV2S1GS","https://www.amazon.com/dp/B07GV2S1GS","611247373064","","https://www.walmart.com/ip/389238886?selected=true","","1","69.73","0.00","","","5.5784","N/A","Amazon","17.680000000000003","10.2","69.5","68","100","-19.41000000000001","-11.930000000000007","COFFEE_MAKER","Login to SC",
"Lasko 42 Wind Curve Oscillating Tower Fan with Nighttime Setting and Remote T42951 Silver","B000RL3UJA","https://www.amazon.com/dp/B000RL3UJA","046013463562","","https://www.walmart.com/ip/955112002?selected=true","","1","82.42","0.00","","","6.5936","63.69","Amazon","26.95","9.55","63.69","76.51","158","-45.68000000000001","-28.28","ELECTRIC_FAN","Login to SC",
"Ninja Foodi TenderCrisp 9-in-1 8-Quart Deluxe XL Pressure Cooker Stainless Steel FD401","B07S85TPLG","https://www.amazon.com/dp/B07S85TPLG","622356558174","","https://www.walmart.com/ip/479149461?selected=true","","1","199","0.00","","","15.92","219.99","Amazon","56.48","33","219.99","219.99","2,100","-35.48999999999998","-12.009999999999991","PRESSURE_COOKER","Login to SC",
"Pet Hair Eraser? Lithium Ion Cordless Pet Hand Vacuum | 2390A","B07CB6RBSP","https://www.amazon.com/dp/B07CB6RBSP","N/A","","https://www.overstock.com/Home-Garden/Pet-Hair-Eraser-Lithium-Ion-Cordless-Pet-Hand-Vacuum-2390A/27889428/product.html","","1","72.99","0.00","","","5.8392","69.99","Amazon","17.19","10.5","69.99","113.4","505","-20.189999999999998","-13.5","VACUUM_CLEANER","Login to SC",
"Bose Sport Earbuds — True Wireless Bluetooth Headphones Black","B08CJCTG6Z","https://www.amazon.com/dp/B08CJCTG6Z","017817798730","","https://www.walmart.com/ip/451192990?selected=true","","1","179","0.00","","","14.32","179","Amazon","25.07","21.32","179","179","111","-25.069999999999993","-21.319999999999993","HEADPHONES","Login to SC",
"Bose SoundLink Around Ear Wireless Bluetooth Headphones II - Black","B0117RGG8E","https://www.amazon.com/dp/B0117RGG8E","017817703277","","https://www.walmart.com/ip/167413326?selected=true","","1","159","0.00","","","12.72","159","Amazon","24.78","19.72","159","229","13","-24.78","-19.72","HEADPHONES","Login to SC",
"String Trimmer/Edger20V Li-Ion Battery","B018S68U40","https://www.amazon.com/dp/B018S68U40","N/A","","https://www.zoro.com/i/G8036729","","1","115.66","0.00","","","9.2528","112.79","Amazon","30.25","16.92","112.79","119.99","241","-33.11999999999999","-19.789999999999992","STRING_TRIMMER","Login to SC",
"JBL Charge 4 Portable Waterproof Wireless Bluetooth Speaker - Black","B07HKQ6YGX","https://www.amazon.com/dp/B07HKQ6YGX","050036353397","","https://www.walmart.com/ip/472337782?selected=true","","1","149.95","0.00","","","11.995999999999999","149.95","Amazon","18.09","12","149.95","149.95","305","-18.090000000000003","-12","SPEAKERS","Login to SC",
"Hatch Rest Baby Night Light Sound Machine & Time-to-Rise","B06XMRCC94","https://www.amazon.com/dp/B06XMRCC94","852852007009","","https://www.walmart.com/ip/226699646?selected=true","","1","59.99","0.00","","","4.7992","59.99","Amazon","12.47","9","59.99","57.98","51","-12.469999999999999","-9","LAMP","Login to SC",
"Anova Culinary Sous Vide Nano Precision Cooker | Bluetooth | 750W | Anova App Included","B07C7PW3PC","https://www.amazon.com/dp/B07C7PW3PC","851607006427","","https://www.walmart.com/ip/578622045?selected=true","","1","127.96","0.00","","","10.236799999999999","127.96","Amazon","25.17","19.19","127.96","95.5","666","-25.17","-19.189999999999998","SOUS_VIDE_MACHINE","Login to SC",
"BLACK+DECKER Cordless Lithium Dustbuster Handheld Vacuum CHV1410L","B006LXOJC0","https://www.amazon.com/dp/B006LXOJC0","885911268707","","https://www.walmart.com/ip/23608480?selected=true","","1","59","0.00","","","4.72","59","Amazon","15.54","8.85","59","63.99","145","-15.54","-8.850000000000001","VACUUM_CLEANER","Login to SC",
"Focusrite Scarlett Solo 2-In 2-Out USB Audio Interface 3rd Generation","B07QR6Z1JB","https://www.amazon.com/dp/B07QR6Z1JB","815301005179","","https://www.walmart.com/ip/875988596?selected=true","","1","119.99","0.00","","","9.5992","119.99","Amazon","22.8","17.85","119.99","119","7","-22.799999999999997","-17.85000000000001","SOUND_AND_RECORDING_EQUIPMENT","Login to SC",
"Medify MA-40 Air Purifier - H13 HEPA - 99.9% Removal (White 1-Pack)","B07LGDYV3C","https://www.amazon.com/dp/B07LGDYV3C","860000833608","","https://www.walmart.com/ip/577368270?selected=true","","1","270","0.00","","","21.6","270","Amazon","61.699999999999996","40.5","270","270","2,449","-61.69999999999999","-40.5","AIR_PURIFIER","Login to SC",
"Roomba e5 Wi-Fi Connected Robot Vacuum Cleaner","B07QNM7YDM","https://www.amazon.com/dp/B07QNM7YDM","885155017475","","https://www.homedepot.com/p/iRobot-Roomba-e5-Wi-Fi-Connected-Robot-Vacuum-Cleaner-e515020/309460750","","1","349","0.00","","","27.92","299.99","Amazon","59.089999999999996","45","299.99","299.98","6,098","-108.1","-94.00999999999999","ROBOTIC_VACUUM_CLEANER","Login to SC",
"Shark Rotator Upright Vacuum Cleaner","B0091JG0LY","https://www.amazon.com/dp/B0091JG0LY","622356533027","","https://www.farmandfleet.com/products/839118-shark-rotator-upright-vacuum-cleaner.html","","1","279.99","N/A","","","22.3992","299.99","Amazon","66.2","45","299.99","346.04","9,382","-46.19999999999999","-25","VACUUM_CLEANER","Login to SC",
"Keurig K-Duo Single Serve K-Cup Pod & Carafe Coffee Maker Black","B07PC7MHQ8","https://www.amazon.com/dp/B07PC7MHQ8","611247379837","","https://www.walmart.com/ip/771473135?selected=true","","1","169.99","0.00","","","13.599200000000002","144.7","Amazon","39.489999999999995","21.71","144.7","143.95","1,322","-64.78000000000002","-47.00000000000003","COFFEE_MAKER","Login to SC",
"5.5 Qt. Grey XL Ninja Air Fryer Max (AF161)","B07S6529ZZ","https://www.amazon.com/dp/B07S6529ZZ","622356559133","","https://www.homedepot.com/p/NINJA-5-5-Qt-Grey-XL-Ninja-Air-Fryer-Max-AF161-AF161/311486222","","1","139.99","0.00","","","11.199200000000001","139.99","Amazon","37.26","21","139.99","180","843","-37.25999999999999","-21","AIR_FRYER","Login to SC",
"GoSports Regulation Size Natural Finish Wooden CornHole Set","B00HFAH9WU","https://www.amazon.com/dp/B00HFAH9WU","N/A","","https://www.overstock.com/Sports-Toys/GoSports-Regulation-Size-Natural-Finish-Wooden-CornHole-Set/14822163/product.html","","1","141.49","0.00","","","11.3192","127.67","Amazon","47.949999999999996","19.150000000000002","127.67","N/A","1,393","-61.77000000000001","-32.97000000000001","SPORTING_GOODS","Login to SC",
"Keurig K-Slim Single Serve K-Cup Pod Coffee Maker Brews 8 to 12oz. Cups Black","B083248S3B","https://www.amazon.com/dp/B083248S3B","611247385777","","https://www.walmart.com/ip/990248036?selected=true","","1","79.99","0.00","","","6.3991999999999996","79.99","Amazon","26.740000000000002","12","79.99","92.35","190","-26.740000000000002","-12","COFFEE_MAKER","Login to SC",
"RCA 3.2 Cu. Ft. Single Door Mini Fridge with Freezer RFR322 Platinum","B00IR8H55A","https://www.amazon.com/dp/B00IR8H55A","058465782481","","https://www.walmart.com/ip/410128909?selected=true","","1","195","0.00","","","15.6","169.99","Amazon","74.7","25.5","169.99","198.99","257","-99.71","-50.50999999999999","REFRIGERATOR","Login to SC",
"PerfecTemp 14-Cup Programmable Coffeemaker DCC-3200","B00MVWGQX0","https://www.amazon.com/dp/B00MVWGQX0","086279078537","","https://www.walmart.com/ip/441111811?selected=true","","1","146.5","0.00","","","11.72","81.67","Amazon","25.85","12.25","81.67","81.67","380","-90.68","-77.08","COFFEE_MAKER","Login to SC",
"Apple Magic Keyboard - US English","B016QO64FI","https://www.amazon.com/dp/B016QO64FI","888462650366","","https://www.walmart.com/ip/123324165?selected=true","","1","97.99","0.00","","","7.8392","97.99","Amazon","12.2","7.84","97.99","99","4","-12.200000000000003","-7.840000000000003","KEYBOARDS","Login to SC",
"Oster Pro 1200 Watt Kitchen Plus Blender with 24 oz Smoothie Cup","B00XHXN54K","https://www.amazon.com/dp/B00XHXN54K","034264479180","","https://www.walmart.com/ip/116052306?selected=true","","1","73.94","0.00","","","5.9152","59.99","Amazon","21.46","9","59.99","60.99","121","-35.41","-22.949999999999996","FOOD_BLENDER","Login to SC",
"Hoover Spotless Portable Carpet and Upholstery Cleaner","B01KIMOEW4","https://www.amazon.com/dp/B01KIMOEW4","N/A","","https://www.overstock.com/Home-Garden/Hoover-Spotless-Portable-Carpet-and-Upholstery-Cleaner/16696601/product.html","","1","104.49","0.00","","","8.3592","89.99","Amazon","29","13.5","N/A","141.05","222","-43.5","-28","HOME","Login to SC",
"Keurig K-Elite Single-Serve K-Cup Pod Coffee Maker with Iced Coffee Setting Strength Control and Hot Water on Demand Brushed Silver","B0788F3R8X","https://www.amazon.com/dp/B0788F3R8X","611247369449","","https://www.walmart.com/ip/564807397?selected=true","","1","162.99","0.00","","","13.039200000000001","160","Amazon","41.4","24","160","138.95","506","-44.390000000000015","-26.99000000000001","COFFEE_MAKER","Login to SC",
"cosori premium food dehydrator machine(50 free recipes) 6 stainless steel trays w/digital timer and temperature control for beefjerkyfruitdog treatsherbs2 year warrantyetl listed/fda compliant","B07PY5M579","https://www.amazon.com/dp/B07PY5M579","817915025208","","https://www.walmart.com/ip/130753709?selected=true","","1","250","0.00","","","20","159.99","Amazon","44.06","24","159.99","N/A","755","-134.07","-114.00999999999999","FOOD_DEHYDRATOR","Login to SC",
"Frigidaire 5000 BTU 115V Window-Mounted Mini-Compact Air Conditioner with Full-Function Remote Control White","B08G1VM7R7","https://www.amazon.com/dp/B08G1VM7R7","012505282973","","https://www.walmart.com/ip/204371903?selected=true","","1","179.95","0.00","","","14.395999999999999","179.95","Amazon","55","30","218","199.98","11,702","-55","-30","AIR_CONDITIONER","Login to SC",
"Professnl Lysol II Disinfectant Spray - 12/Carton","B006U7J3FU","https://www.amazon.com/dp/B006U7J3FU","N/A","","https://www.overstock.com/Office-Supplies/Professnl-Lysol-II-Disinfectant-Spray-12-Carton/2693581/product.html","","1","17.69","0.00","","","1.4152","71.99","Amazon","27.4","10.8","N/A","71.99","1,716","26.899999999999995","43.5","CLEANING_AGENT","Login to SC",
"Mika Micky Bedside Sleeper Easy Folding Portable CribGrey","B07J232RV4","https://www.amazon.com/dp/B07J232RV4","733810772002","","https://www.walmart.com/ip/895019190?selected=true","","1","205.69","0.00","","","16.4552","176.98","Amazon","50.41","26.55","176.98","N/A","900","-79.12","-55.26000000000002","BED_RAIL","Login to SC",
"1080p HD Wi-Fi Wired and Wireless Video Doorbell 3 Smart Home Camera Removable Battery Works with Alexa","B0849J7W5X","https://www.amazon.com/dp/B0849J7W5X","842861112313","","https://www.homedepot.com/p/Ring-1080p-HD-Wi-Fi-Wired-and-Wireless-Video-Doorbell-3-Smart-Home-Camera-Removable-Battery-Works-with-Alexa-8VRSLZ-0EN0/312831527","","1","179.99","0.00","","","14.3992","179.99","Amazon","32.06","27","179.99","N/A","14","-32.06","-27","VDO_DEVICES","Login to SC",
"RCA 3.2 Cu Ft Two Door Mini Fridge with Freezer RFR835 Black","B00Q477Z5Q","https://www.amazon.com/dp/B00Q477Z5Q","058465793920","","https://www.walmart.com/ip/774933334?selected=true","","1","230","0.00","","","18.4","199.99","Amazon","85.44","30","199.99","299.98","1,072","-115.44999999999999","-60.00999999999999","REFRIGERATOR","Login to SC",
"Keurig K155 Commerical Brewing System with Bonus K-Cup Portion Trial Pack","B00DWKEHU4","https://www.amazon.com/dp/B00DWKEHU4","649645201559","","https://www.walmart.com/ip/142744040?selected=true","","1","292.98","0.00","","","23.4384","244.92","Amazon","55.66","36.74","244.92","347.49","3,565","-103.72000000000003","-84.80000000000004","COFFEE_MAKER","Login to SC",
"Endura Reach Bagless Upright Vacuum Cleaner","B07G2QQJTS","https://www.amazon.com/dp/B07G2QQJTS","046034903801","","https://www.homedepot.com/p/Dirt-Devil-Endura-Reach-Bagless-Upright-Vacuum-Cleaner-UD20124/307994811","","1","61.67","0.00","","","4.9336","N/A","Amazon","27.79","9.25","61.67","79.99","587","-27.79","-9.25","VACUUM_CLEANER","Login to SC",
"20 Volt Max Comp Drill/Driver","B00ET5VMTU","https://www.amazon.com/dp/B00ET5VMTU","N/A","","https://www.zoro.com/i/G6493025","","1","194.33","0.00","","","15.5464","99","Amazon","18.57","11.88","99","107.95","267","-113.9","-107.21000000000001","DRILL","Login to SC",
"Shark HV302 Rocket Ultra-Light Corded Bagless Vacuum for Carpet and Hard Floor Cleaning","B00EUKHACW","https://www.amazon.com/dp/B00EUKHACW","622356534970","","https://www.walmart.com/ip/47318299?selected=true","","1","158.95","0.00","","","12.716","159.99","Amazon","41.4","24","159.99","169","3,103","-40.359999999999985","-22.95999999999998","VACUUM_CLEANER","Login to SC",
"Hathaspace Smart True HEPA Air Purifier 5-in-1 Large Room Air Cleaner & Deodorizer for Allergies Pets Asthma Smokers and Odors 700 Sq Ft Coverage – HSP001","B075ZZND8B","https://www.amazon.com/dp/B075ZZND8B","861806000430","","https://www.walmart.com/ip/507516604?selected=true","","1","179","0.00","","","14.32","199.99","Amazon","47.02","30","199.99","N/A","3,850","-26.03","-9.009999999999991","AIR_PURIFIER","Login to SC",
"Spa Sensations by Zinus 6” Green Tea Memory Foam Mattress Twin","B01MR51N1S","https://www.amazon.com/dp/B01MR51N1S","841550099669","","https://www.walmart.com/ip/140111204?selected=true","","1","153","0.00","","","12.24","148.74","Amazon","49.21","22.31","148.74","174.88","17","-53.47","-26.569999999999993","MATTRESS","Login to SC",
"Hoover FH52000 SmartWash+ Automatic Carpet Cleaner","B07DTKXTXV","https://www.amazon.com/dp/B07DTKXTXV","073502045459","","https://www.walmart.com/ip/901855512?selected=true","","1","198","0.00","","","15.84","N/A","Amazon","56.22","29.7","198","269.99","2,655","-56.22","-29.69999999999999","HOME","Login to SC",
"Eufy RoboVac 15C MAX - Vacuum cleaner - robotic - bagless - black","B07RGDFZ5Q","https://www.amazon.com/dp/B07RGDFZ5Q","848061058406","","https://www.walmart.com/ip/802204589?selected=true","","1","203.99","0.00","","","16.319200000000002","N/A","Amazon","33.99","26.4","175.99","249.84","4,853","-61.99000000000001","-54.400000000000006","ROBOTIC_VACUUM_CLEANER","Login to SC",
"Hessaire MC18M Indoor/Outdoor Portable 500 Sq Ft Evaporative Swamp Air Cooler","B078HFGJ3T","https://www.amazon.com/dp/B078HFGJ3T","818015024061","","https://www.walmart.com/ip/716070521?selected=true","","1","163.37","0.00","","","13.069600000000001","N/A","Amazon","53.18","24.38","163.37","162.55","5,602","-54","-25.19999999999999","AIR_COOLER","Login to SC",
"Oreck Commercial XL2100RHS Upright Vacuum Cleaner","B001NDNV18","https://www.amazon.com/dp/B001NDNV18","743808229012","","https://www.walmart.com/ip/21190412?selected=true","","1","132.99","0.00","","","10.6392","N/A","Amazon","31.08","15.96","132.99","139.99","490","-31.08","-15.960000000000008","VACUUM_CLEANER","Login to SC",
"Instant Pot 10-Quart Vortex Plus Air Fryer Toaster Oven​ Combo 7-in-1 Oil-Less Cooker for Rotisserie Roast Crisp Broil Toast Cook Bake Reheat & Dehydrate","B07VM28XTR","https://www.amazon.com/dp/B07VM28XTR","857561008644","","https://www.walmart.com/ip/461120825?selected=true","","1","123.39","0.00","","","9.8712","N/A","Amazon","36.77","17.85","119","N/A","405","-41.16000000000001","-22.239999999999995","AIR_FRYER","Login to SC",
"ecobee3 Lite Smart Thermostat 2.0 No Hub Required","B06W56TBLN","https://www.amazon.com/dp/B06W56TBLN","627988303154","","https://www.walmart.com/ip/264743623?selected=true","","1","168.5","0.00","","","13.48","169","Amazon","29.13","24.07","169","160.48","1,462","-28.629999999999995","-23.569999999999993","HVAC_CONTROL_THERMOSTAT","Login to SC",
"toshiba em925a5a-bs microwave oven with sound on/off eco mode and led lighting 0.9 cu.ft black stainless","B072JML2GZ","https://www.amazon.com/dp/B072JML2GZ","839724015485","","https://www.walmart.com/ip/114777838?selected=true","","1","110.84","0.00","","","8.8672","93.97","Amazon","36.44","14.1","93.97","119.69","149","-53.31","-30.97","MICROWAVE_OVEN","Login to SC",
"Zinus Abel 14 Inch Metal Platform Bed Frame / Mattress Foundation / No Box Spring Needed / Steel Slat Support / Easy Quick Lock Assembly King","B074QWVHDJ","https://www.amazon.com/dp/B074QWVHDJ","841550210972","","https://www.walmart.com/ip/269418729?selected=true","","1","123.68","0.00","","","9.894400000000001","99","Amazon","44.94","14.85","99","133.31","669","-69.62","-39.53","BED_FRAME","Login to SC",
"Ninja AG301 Foodi 5-in-1 Indoor Grill with 4-Quart Air Fryer","B07S76WBGF","https://www.amazon.com/dp/B07S76WBGF","622356557795","","https://www.walmart.com/ip/285511080?selected=true","","1","189","0.00","","","15.12","209.99","Amazon","52.32","31.5","209.99","302.49","1,317","-31.329999999999984","-10.509999999999991","BARBECUE_GRILL","Login to SC",
"IRIS Stack & Pull Plastic Storage Bin (Pack of 6)","B00CQGTGXS","https://www.amazon.com/dp/B00CQGTGXS","N/A","","https://www.overstock.com/Home-Garden/IRIS-12-qt.-26-qt.-or-54-qt.-Stack-Pull-Plastic-Storage-Bin-Pack-of-6/17097261/product.html","","1","39.99","0.00","","","3.1992000000000003","89.99","Amazon","45.72","13.5","89.99","89.99","243","4.279999999999994","36.49999999999999","STORAGE_BOX","Login to SC",
"iTouchless SoftStep 13.2 Gallon Stainless Steel Step Trash Can 50 Liter Pedal Kitchen Trash Can","B0733Z42S2","https://www.amazon.com/dp/B0733Z42S2","814839020500","","https://www.walmart.com/ip/754456531?selected=true","","1","99.99","0.00","","","7.999199999999999","N/A","Amazon","45.55","13.33","88.88","129.99","163","-56.66","-24.439999999999998","TRASH_CAN","Login to SC",
"MIDEA MAW06R1BWT Window Air Conditioner 6000 BTU Easycool AC (Cooling Dehumidifier and Fan Functions) for Rooms up to 250 Sq ft. with Remote Control 6000 White","B07PDXKDZH","https://www.amazon.com/dp/B07PDXKDZH","810004811881","","https://www.walmart.com/ip/543982817?selected=true","","1","251.45","0.00","","","20.116","N/A","Amazon","58.25","31.35","209","294.88","2,661","-100.69999999999999","-73.79999999999998","AIR_CONDITIONER","Login to SC",
"Hamilton Beach FlexBrew 2-Way Brewer Programmable Coffee Maker (49976) with Assorted K Cup Sampler","B06Y2WCHDV","https://www.amazon.com/dp/B06Y2WCHDV","843342139423","","https://www.walmart.com/ip/777164595?selected=true","","1","121.95","0.00","","","9.756","94.99","Amazon","31.65","14.25","99","94.99","1,835","-58.61000000000001","-41.21000000000001","COFFEE_MAKER","Login to SC",
"Sauder Storage Cabinet Cinnamon Cherry Finish","B01LXHFQMX","https://www.amazon.com/dp/B01LXHFQMX","042666010115","","https://www.walmart.com/ip/53233373?selected=true","","1","162.49","0.00","","","12.9992","162.49","Amazon","66.55","24.37","162.49","176.34","4,349","-66.55","-24.370000000000005","CABINET","Login to SC",
"olee sleep 10 in aquarius memory foam mattress twin 10fm02t","B073VMTFCC","https://www.amazon.com/dp/B073VMTFCC","889860001309","","https://www.walmart.com/ip/908895991?selected=true","","1","197.22","0.00","","","15.7776","172.56","Amazon","54.3","25.88","172.56","195","496","-78.96","-50.53999999999999","MATTRESS","Login to SC",
"Original Kettle Premium 22 Charcoal Grill","B00MKB5TXA","https://www.amazon.com/dp/B00MKB5TXA","077924032479","","https://www.walmart.com/ip/42432677?selected=true","","1","167.49","0.00","","","13.3992","N/A","Amazon","57.73","24.75","165","175","1,030","-60.22","-27.24000000000001","BARBECUE_GRILL","Login to SC",
"Baracuda G3 Advanced Suction Side Automatic Pool Cleaner W03000","B002HRET3S","https://www.amazon.com/dp/B002HRET3S","746823030007","","https://www.walmart.com/ip/36740780?selected=true","","1","216.99","0.00","","","17.3592","216.99","Amazon","57.17","32.55","216.99","216.99","1,634","-57.170000000000016","-32.55000000000001","OUTDOOR_LIVING","Login to SC",
"McCulloch Deluxe Canister Deep Clean Multi-Floor Steam Cleaner System | MC1385","B00G00BTEA","https://www.amazon.com/dp/B00G00BTEA","047171013859","","https://www.walmart.com/ip/104871504?selected=true","","1","199.99","0.00","","","15.9992","N/A","Amazon","53.86","30","199.99","199.99","6,039","-53.860000000000014","-30","STEAM_CLEANER","Login to SC",
"T-fal Hard Anodized Cookware Set Nonstick Pots and Pans Set 17 Piece Thermo-Spot Heat Indicator Black","B00TQJWF1I","https://www.amazon.com/dp/B00TQJWF1I","032406055629","","https://www.walmart.com/ip/164407310?selected=true","","1","186.15","0.00","","","14.892000000000001","N/A","Amazon","48.21","26.25","176.95","175","4,821","-59.360000000000014","-37.400000000000006","SAUTE_FRY_PAN","Login to SC",
"iRobot Roomba 614 Robot Vacuum","B00IPEZKBW","https://www.amazon.com/dp/B00IPEZKBW","885155010766","","https://www.walmart.com/ip/757304256?selected=true","","1","224","0.00","","","17.92","224","Amazon","47.309999999999995","33.6","224","224","4,726","-47.31","-33.599999999999994","ROBOTIC_VACUUM_CLEANER","Login to SC",
"linenspa 3 inch gel infused memory foam mattress topper - queen size","B07MY34QH7","https://www.amazon.com/dp/B07MY34QH7","840008301927","","https://www.walmart.com/ip/429984630?selected=true","","1","108.95","0.00","","","8.716000000000001","N/A","Amazon","33.559999999999995","13.5","89.99","134.98","18","-52.52","-32.46000000000001","MATTRESS_COVER","Login to SC",
"Nintendo Switch Pro Controller Black","B01NAWKYZ0","https://www.amazon.com/dp/B01NAWKYZ0","045496590161","","https://www.walmart.com/ip/55485228?selected=true","","1","53","0.00","","","4.24","N/A","Amazon","15.01","10.65","59","67","48","-9.009999999999998","-4.649999999999999","VIDEO_GAME_ACCESSORIES","Login to SC",
"Hodedah 7-Drawer Chest with Locks on 2-Top Drawers White","B079V2CSBS","https://www.amazon.com/dp/B079V2CSBS","810179030254","","https://www.walmart.com/ip/479017802?selected=true","","1","152.2","0.00","","","12.175999999999998","152.2","Amazon","81","22.83","N/A","174.55","1,817","-81","-22.829999999999984","HOME_FURNITURE_AND_DECOR","Login to SC",
"APEC Ultra Safe Reverse Osmosis Drinking Water Filter System (ESSENCE ROES-50)","B00I0ZGOZM","https://www.amazon.com/dp/B00I0ZGOZM","854961005051","","https://www.walmart.com/ip/112735235?selected=true","","1","199.95","0.00","","","15.995999999999999","199.95","Amazon","53.47","29.99","199.95","N/A","1,894","-53.47","-29.99000000000001","WATER_PURIFICATION_UNIT","Login to SC",
"Honeywell QuietSet Tower Whole Room Tower Fan HYF260W White","B01N2P6V5P","https://www.amazon.com/dp/B01N2P6V5P","092926002602","","https://www.walmart.com/ip/48981510?selected=true","","1","49.99","0.00","","","3.9992","49.99","Amazon","23.76","7.5","49.99","65.5","118","-23.76","-7.5","ELECTRIC_FAN","Login to SC",
"Hoover ONEPWR Evolve Pet Cordless Upright Vacuum Cleaner - Kit BH52420PC","B08749DHG1","https://www.amazon.com/dp/B08749DHG1","073502046838","","https://www.walmart.com/ip/252102439?selected=true","","1","160","0.00","","","12.8","149","Amazon","40.24","22.35","149","159.99","4,970","-51.24000000000001","-33.349999999999994","VACUUM_CLEANER","Login to SC",
"Honeywell RTH9585WF Smart Thermostat No Hub Required","B075BF6V58","https://www.amazon.com/dp/B075BF6V58","085267911313","","https://www.walmart.com/ip/997808291?selected=true","","1","125.99","0.00","","","10.0792","133.95","Amazon","24.31","19.36","143.9","129.04","1,772","-16.35000000000001","-11.400000000000006","HVAC_CONTROL_THERMOSTAT","Login to SC",
"Ninja Nutri Ninja Auto IQ Blender","B01N7Y3H73","https://www.amazon.com/dp/B01N7Y3H73","622356543873","","https://www.farmandfleet.com/products/1117515-ninja-nutri-ninja-auto-iq-blender.html","","1","79.99","N/A","","","6.3991999999999996","N/A","Amazon","18.99","10.5","69.99","107.04","572","-28.989999999999995","-20.5","HEADPHONES","Login to SC",
"8 Qt. Foldable Frame Stainless Steel Chafing Dish Buffet Chafer Complete (Set of 4)","B07KX9G1L6","https://www.amazon.com/dp/B07KX9G1L6","810002700415","","https://www.homedepot.com/p/ALPHA-LIVING-8-Qt-Foldable-Frame-Stainless-Steel-Chafing-Dish-Buffet-Chafer-Complete-Set-of-4-70014/311321202","","1","130.94","0.00","","","10.4752","N/A","Amazon","44.87","20.25","134.99","169.99","988","-40.81999999999999","-16.19999999999999","SAUTE_FRY_PAN","Login to SC",
"NETGEAR - Orbi AC3000 Mesh WiFi System with Router and Satellite Extender (RBK50)","B01K4CZOBS","https://www.amazon.com/dp/B01K4CZOBS","606449116359","","https://www.walmart.com/ip/54445769?selected=true","","1","250","0.00","","","20","277.99","Amazon","29.02","22.33","279.13","281.25","259","-1.0300000000000011","5.660000000000025","NETWORKING_ROUTER","Login to SC",
"Instant Pot DUO80 8 Qt 7-in-1 Multi- Use Programmable Pressure Cooker","B01B1VC13K","https://www.amazon.com/dp/B01B1VC13K","853084004279","","https://www.walmart.com/ip/55042612?selected=true","","1","99","0.00","","","7.92","N/A","Amazon","35.29","14.85","99","N/A","13","-35.29","-14.849999999999994","PRESSURE_COOKER","Login to SC",
"Honeywell Carnegie 52 Matte Black LED Industrial Ceiling Fan with Remote Mesh Drum Lighting and Edison Bulbs","B07GJQ7N7V","https://www.amazon.com/dp/B07GJQ7N7V","671961506148","","https://www.walmart.com/ip/923734636?selected=true","","1","109","0.00","","","8.72","N/A","Amazon","32.72","16.35","109","148.72","1,503","-32.72","-16.349999999999994","ELECTRIC_FAN","Login to SC",
"Brio Self Cleaning Bottom Loading Water Cooler Water Dispenser – Limited Edition - 3 Temperature Settings - Hot Cold and Room-Temp Water - UL/Energy Star Approved","B07P6FS6HW","https://www.amazon.com/dp/B07P6FS6HW","841545156629","","https://www.walmart.com/ip/554864027?selected=true","","1","370","0.00","","","29.6","N/A","Amazon","85.41000000000001","44.4","369.99","369.99","17,701","-85.42000000000002","-44.40999999999997","INDUSTRIAL_HOSE","Login to SC",
"Dupray Neat Steam Cleaner Best Multipurpose Heavy Duty Steamer for Floors Cars and More","B07C44DM6D","https://www.amazon.com/dp/B07C44DM6D","829285001713","","https://www.walmart.com/ip/941932827?selected=true","","1","149.78","0.00","","","11.9824","149.78","Amazon","41.01","22.47","N/A","149.78","4,602","-41.00999999999999","-22.47","STEAM_CLEANER","Login to SC",
"olee sleep 18 inch tall heavy duty steel slat/ anti-slip support/ easy assembly/ mattress foundation/ maximum storage/ noise free/ no box spring needed black","B01M14TAF0","https://www.amazon.com/dp/B01M14TAF0","889860063130","","https://www.walmart.com/ip/101214702?selected=true","","1","195.6","0.00","","","15.648","159.99","Amazon","53.56","24","159.99","190.58","910","-89.16999999999999","-59.609999999999985","BED_FRAME","Login to SC",
"Blue Pure 211+ Replacement Filter Particle and Activated Carbon Fits Blue Pure 211+ Air Purifier by Blueair","B073SKH39W","https://www.amazon.com/dp/B073SKH39W","689122009711","","https://www.walmart.com/ip/945057252?selected=true","","1","79","0.00","","","6.32","69","Amazon","50.97","10.35","69","81.18","1,256","-60.97","-20.35","HVAC_AIR_FILTER","Login to SC",
"BLACK+DECKER 20V MAX* Lithium Pivot Vac BDH2000PL","B00IOEFBKS","https://www.amazon.com/dp/B00IOEFBKS","885911324014","","https://www.walmart.com/ip/36775045?selected=true","","1","79.14","0.00","","","6.3312","79.14","Amazon","23.68","11.87","79.14","101.99","1,654","-23.68","-11.870000000000005","VACUUM_CLEANER","Login to SC",
"WindTunnel 3 Max Performance Pet Bagless Upright Vacuum Cleaner Machine with HEPA media filtration","B07MFM81RX","https://www.amazon.com/dp/B07MFM81RX","073502045589","","https://www.homedepot.com/p/HOOVER-WindTunnel-3-Max-Performance-Pet-Bagless-Upright-Vacuum-Cleaner-Machine-with-HEPA-media-filtration-UH72625/305201373","","1","199","0.00","","","15.92","199","Amazon","57.13","29.85","199","299.5","10,411","-57.129999999999995","-29.849999999999994","VACUUM_CLEANER","Login to SC",
"LEVOIT LV-H132 Air Purifier with True Hepa Filter for Smoke Bacteria and More","B071D58ZY5","https://www.amazon.com/dp/B071D58ZY5","817915020869","","https://www.walmart.com/ip/450937026?selected=true","","1","76.48","0.00","","","6.1184","76.48","Amazon","23.93","11.47","76.48","105.28","1,228","-23.93","-11.469999999999999","AIR_PURIFIER","Login to SC",
"hp pavilion 21.5-inch ips led hdmi vga monitor (22cwa)","B015WCV70W","https://www.amazon.com/dp/B015WCV70W","889894569486","","https://www.walmart.com/ip/215601128?selected=true","","1","99.99","0.00","","","7.999199999999999","N/A","Amazon","25.22","12","149.99","149.99","364","24.780000000000015","38.000000000000014","MONITOR","Login to SC",
"Frigidaire 22-Pint Dehumidifier with Effortless Humidity Control White","B07Z5MV9K6","https://www.amazon.com/dp/B07Z5MV9K6","012505283871","","https://www.walmart.com/ip/318740125?selected=true","","1","159.99","0.00","","","12.7992","159.99","Amazon","46.34","24","159.99","164.94","10,716","-46.34","-24","DEHUMIDIFIER","Login to SC",
"iLIVING 18 Wall-Mount Outdoor Misting Fan Black","B01I9BZ0TW","https://www.amazon.com/dp/B01I9BZ0TW","856957005267","","https://www.walmart.com/ip/54134369?selected=true","","1","122.54","0.00","","","9.8032","122.39","Amazon","40.7","18.36","122.39","129","1,295","-40.85000000000001","-18.510000000000005","ELECTRIC_FAN","Login to SC",
"Sunny Health & Fitness Upright Row-N-Ride Rowing Machine","B074B3B22G","https://www.amazon.com/dp/B074B3B22G","815749011893","","https://www.walmart.com/ip/587206331?selected=true","","1","99.97","0.00","","","7.9976","102.99","Amazon","34.37","15.45","102.99","159.99","1,191","-31.349999999999994","-12.430000000000007","ROWING_MACHINE","Login to SC",
"Bose SoundLink Micro Waterproof Portable Bluetooth Speaker - Black","B0748N1BZD","https://www.amazon.com/dp/B0748N1BZD","017817768429","","https://www.walmart.com/ip/367992038?selected=true","","1","99","0.00","","","7.92","99","Amazon","12.98","7.92","99","99","281","-12.980000000000004","-7.920000000000002","SPEAKERS","Login to SC",
"Nintendo Switch Joy-Con Pair Neon Pink and Neon Green","B078GZM4H8","https://www.amazon.com/dp/B078GZM4H8","045496881900","","https://www.walmart.com/ip/656821586?selected=true","","1","69","0.00","","","5.52","69","Amazon","15.9","12.15","69","78.57","39","-15.899999999999999","-12.149999999999999","WIRELESS_ACCESSORY","Login to SC",
"Tommy Bahama 5 Position Pineapple Print Beach Chair","B0854HPJ41","https://www.amazon.com/dp/B0854HPJ41","080958388375","","https://www.walmart.com/ip/506424093?selected=true","","1","65","0.00","","","5.2","181.99","Amazon","47.74","27.3","209","181.99","10,902","69.25","89.69","CHAIR","Login to SC",
"Sleep Master SmartBase Mattress Foundation/Platform Bed Frame/Box Spring Replacement/Quiet Noise-Free/Maximum Under-bed Storage Queen","B006MIUM20","https://www.amazon.com/dp/B006MIUM20","841550050547","","https://www.walmart.com/ip/123221506?selected=true","","1","140","0.00","","","11.2","109.95","Amazon","52.82","16.49","143","109.77","366","-82.87","-46.53999999999999","BED_FRAME","Login to SC",
"23-Stitch Sewing Machine","B003VWXZQ0","https://www.amazon.com/dp/B003VWXZQ0","037431883018","","https://www.homedepot.com/p/Singer-23-Stitch-Sewing-Machine-4423CL/203722606","","1","179.99","0.00","","","14.3992","179.99","Amazon","42.12","27","179.99","179.98","986","-42.120000000000005","-27","SEWING_MACHINE","Login to SC",
"Masterbuilt Outdoor Barbecue 30 Digital Electric BBQ Meat Smoker Grill Black","B07CN38M23","https://www.amazon.com/dp/B07CN38M23","094428271692","","https://www.walmart.com/ip/169848170?selected=true","","1","196.89","0.00","","","15.751199999999999","196.89","Amazon","73.66","29.53","196.89","196.89","1,899","-73.66","-29.53","FOOD_SMOKER","Login to SC",
"August Wi-Fi Smart Lock Matte Black","B082VXRND2","https://www.amazon.com/dp/B082VXRND2","850004426272","","https://www.walmart.com/ip/483421600?selected=true","","1","229.99","0.00","","","18.3992","N/A","Amazon","39.41","34.35","229","259.95","1,573","-40.400000000000006","-35.34","LOCK","Login to SC",
"iSpring RCC7AK NSF Certified Under Sink 6-Stage Reverse Osmosis Drinking Water Filtration System with Alkaline Remineralization","B005LJ8EXU","https://www.amazon.com/dp/B005LJ8EXU","N/A","","https://www.overstock.com/Home-Garden/iSpring-RCC7AK-High-Capacity-Under-Sink-6-Stage-Reverse-Osmosis-Drinking-Water-Filtration-System-with-Alkaline-Remineralization/11982844/product.html","","1","216.59","0.00","","","17.3272","N/A","Amazon","55.21","32.489999999999995","216.59","229.99","4,355","-55.21000000000001","-32.48999999999998","WATER_PURIFICATION_UNIT","Login to SC",
"Lasko 2511 Tower Fan Three Quiet Speeds 36-Inch Black","B002M0HU04","https://www.amazon.com/dp/B002M0HU04","745449846696","","https://www.walmart.com/ip/861063181?selected=true","","1","57.44","0.00","","","4.5952","42.21","Amazon","19.93","6.33","42.21","56.99","806","-35.16","-21.559999999999995","ELECTRIC_FAN","Login to SC",
"Cuisinart WAF-F20 Double Belgian Waffle Maker","B01IA3HJGG","https://www.amazon.com/dp/B01IA3HJGG","N/A","","https://www.overstock.com/Home-Garden/Cuisinart-WAF-F20-Double-Belgian-Waffle-Maker/12017169/product.html","","1","99.95","0.00","","","7.996","95.99","Amazon","28.76","14.4","99.95","95.99","942","-32.72000000000001","-18.360000000000014","COUNTERTOP_GRIDDLE_APPLIANCE","Login to SC",
"Magic Bullet Nutribullet Pro Plus Blender","B07K8SCVHK","https://www.amazon.com/dp/B07K8SCVHK","818049021005","","https://www.walmart.com/ip/426356798?selected=true","","1","116.47","0.00","","","9.3176","N/A","Amazon","22.78","15","99.99","117.62","831","-39.260000000000005","-31.480000000000004","FOOD_BLENDER","Login to SC",
"lorell 14341 18 deep 2-drawer file cabinet black","B0033J6V3A","https://www.amazon.com/dp/B0033J6V3A","783185239556","","https://www.walmart.com/ip/784307698?selected=true","","1","75.27","0.00","","","6.021599999999999","N/A","Amazon","58.1","11.63","78.22","77.51","713","-55.85999999999999","-9.389999999999986","CABINET","Login to SC",
"Vivere Double Hammock with Stand Combo Tropical","B004YJCP7O","https://www.amazon.com/dp/B004YJCP7O","899134000600","","https://www.walmart.com/ip/16875736?selected=true","","1","80.99","0.00","","","6.4792","80.99","Amazon","32.21","12.15","80.99","118","151","-32.21","-12.150000000000006","ABIS_SPORTS","Login to SC",
"Cuisinart Coffee Makers Supreme Grind Automatic Burr Mill","B00018RRRK","https://www.amazon.com/dp/B00018RRRK","086279006691","","https://www.walmart.com/ip/26371577?selected=true","","1","59.95","0.00","","","4.796","59.95","Amazon","15.57","8.99","59.95","59.95","1,049","-15.57","-8.990000000000002","KITCHEN_KNIFE","Login to SC",
"CM W/D VACUUM 16G 6.5HP","B07H84CNG9","https://www.amazon.com/dp/B07H84CNG9","648846007328","","https://www.walmart.com/ip/955159847?selected=true","","1","144.98","0.00","","","11.5984","N/A","Amazon","57.18","15.78","131.49","159.99","923","-70.66999999999999","-29.269999999999982","VACUUM_CLEANER","Login to SC",
"Sleep Innovations Dual Layer Enhanced Support Gel Memory Foam 4 Mattress Topper Queen","B00CEMH3C0","https://www.amazon.com/dp/B00CEMH3C0","617014187483","","https://www.walmart.com/ip/871570495?selected=true","","1","119.99","0.00","","","9.5992","129.99","Amazon","41.08","19.5","129.99","145.35","938","-31.079999999999984","-9.499999999999986","MATTRESS_COVER","Login to SC",
"Logitech MX Vertical Ergonomic Wireless Mouse","B07FNJB8TT","https://www.amazon.com/dp/B07FNJB8TT","097855144461","","https://www.walmart.com/ip/321255745?selected=true","","1","94.99","0.00","","","7.5992","92.39","Amazon","11.14","7.39","92.39","110","37","-13.739999999999995","-9.989999999999995","INPUT_MOUSE","Login to SC",
"PlierT/GStraight10Cv","B00BWIWW1Y","https://www.amazon.com/dp/B00BWIWW1Y","N/A","","https://www.zoro.com/i/G3193115","","1","15.88","5","","","1.2704","154","Amazon","28.05","23.1","154","N/A","2,592","105.07","110.02000000000001","POTABLE_WATER_FILTER","Login to SC",
"Suncast 99 Gallon Outdoor Resin Wicker Deck Storage Box Java Brown","B0044V3USU","https://www.amazon.com/dp/B0044V3USU","044365018768","","https://www.walmart.com/ip/15712453?selected=true","","1","159","0.00","","","12.72","159","Amazon","75","23.85","159","158.99","3,033","-75","-23.849999999999994","STORAGE_BOX","Login to SC",
"Zojirushi 5.5-cup Neuro Fuzzy Rice Cooker and Warmer","B00007J5U7","https://www.amazon.com/dp/B00007J5U7","N/A","","https://www.overstock.com/Home-Garden/Zojirushi-5.5-cup-Neuro-Fuzzy-Rice-Cooker-and-Warmer/4109995/product.html","","1","176.49","0.00","","","14.119200000000001","N/A","Amazon","41.37","28.53","190.22","219.95","1,342","-27.640000000000015","-14.800000000000011","RICE_COOKERS","Login to SC",
"Shark ZU561 Zero-M Upright Vacuum","B07FX7Z3NL","https://www.amazon.com/dp/B07FX7Z3NL","622356555494","","https://www.walmart.com/ip/572927842?selected=true","","1","239.48","0.00","","","19.1584","199.99","Amazon","59.18","30","199.99","199.99","7,417","-98.66999999999999","-69.48999999999998","VACUUM_CLEANER","Login to SC",
"Lawn EdgerTrencherElectric12A7.5","B00Q6EH7DW","https://www.amazon.com/dp/B00Q6EH7DW","N/A","","https://www.zoro.com/i/G8084889","","1","101.77","0.00","","","8.1416","93.53","Amazon","32.57","14.03","93.53","151.99","606","-40.809999999999995","-22.269999999999996","OUTDOOR_LIVING","Login to SC",
"Ultimate Ears MEGABOOM 3 Portable Bluetooth Speaker - Night Black","B07DD3W154","https://www.amazon.com/dp/B07DD3W154","097855141088","","https://www.walmart.com/ip/879112927?selected=true","","1","199.99","0.00","","","15.9992","N/A","Amazon","22.08","15.99","199.9","245","1,072","-22.170000000000016","-16.080000000000013","HEADPHONES","Login to SC",
"Zinus Ultima 6 Memory Foam Mattress Full","B005G5RZIY","https://www.amazon.com/dp/B005G5RZIY","841550047004","","https://www.walmart.com/ip/184492350?selected=true","","1","154.96","0.00","","","12.3968","154.96","Amazon","75.56","23.24","154.96","204","537","-75.56","-23.24000000000001","MATTRESS","Login to SC",
"Trizor XV Knife Sharpener","B0018RSEMU","https://www.amazon.com/dp/B0018RSEMU","087877011155","","https://www.walmart.com/ip/25620160?selected=true","","1","216.76","0.00","","","17.340799999999998","159.95","Amazon","30.27","23.99","159.95","N/A","1,557","-87.08000000000001","-80.80000000000001","KNIFE_SHARPENER","Login to SC",
"Midea WHD-113FSS1 Double Reversible Door Refrigerator and Freezer 3.1 Cubic ...","B00MWXSFM8","https://www.amazon.com/dp/B00MWXSFM8","848837005016","","https://www.walmart.com/ip/240288255?selected=true","","1","273","0.00","","","21.84","N/A","Amazon","96.45","37.5","249.99","399.98","2,599","-119.45999999999998","-60.50999999999999","REFRIGERATOR","Login to SC",
"Novogratz Bushwick Metal Bed King Black","B07C2VZ4G5","https://www.amazon.com/dp/B07C2VZ4G5","029986404466","","https://www.walmart.com/ip/266223312?selected=true","","1","261.89","0.00","","","20.9512","N/A","Amazon","108.05","31.48","214.84","297.99","4,477","-155.09999999999997","-78.52999999999997","BED_FRAME","Login to SC",
"Gotham Steel 20 Piece All in One Kitchen Cookware + Bakeware Set with Non-Stick Ti-Cerama Copper Coating – Includes Skillets Stock Pots Deep Square Pan with Fry Basket Cookie Sheet and Baking Pans","B076B5BQ78","https://www.amazon.com/dp/B076B5BQ78","080313019227","","https://www.walmart.com/ip/349337343?selected=true","","1","199.99","0.00","","","15.9992","N/A","Amazon","48.96","27","179.99","203.9","2,505","-68.96000000000001","-47","COOKING_POT","Login to SC",
"Lifetime 4 Adjustable Folding Table White Granite 80160","B003DYZQKY","https://www.amazon.com/dp/B003DYZQKY","841101001455","","https://www.walmart.com/ip/20690048?selected=true","","1","71.8","0.00","","","5.744","N/A","Amazon","42.72","9.74","64.99","64.95","2,600","-49.56999999999999","-16.589999999999996","TABLE","Login to SC",
"Calphalon Simply Pots and Pans Set 10 piece Cookware Set Nonstick","B001AS94TY","https://www.amazon.com/dp/B001AS94TY","016853037759","","https://www.walmart.com/ip/17382608?selected=true","","1","234.68","0.00","","","18.7744","N/A","Amazon","48.92","30","199.99","199.99","2,757","-83.61000000000001","-64.69","COOKING_POT","Login to SC",
"Cuisinart ICE-70 Electronic Ice Cream Maker Brushed Chrome","B00MVWGUYA","https://www.amazon.com/dp/B00MVWGUYA","N/A","","https://www.overstock.com/Home-Garden/Cuisinart-ICE-70-Electronic-Brushed-Chrome-Ice-Cream-Maker/9288299/product.html","","1","143.99","0.00","","","11.519200000000001","149.95","Amazon","37.99","22.49","N/A","149.95","2,578","-32.03000000000003","-16.530000000000015","KITCHEN","Login to SC",
"Baratza Encore Conical Burr Coffee Grinder","B007F183LK","https://www.amazon.com/dp/B007F183LK","838823004857","","https://www.walmart.com/ip/32587765?selected=true","","1","139","0.00","","","11.12","139","Amazon","28.03","20.85","139","139","2,214","-28.03","-20.849999999999994","KITCHEN","Login to SC",
"Compact Refrigerator1.7 cu. ft.","B01DZQI6YW","https://www.amazon.com/dp/B01DZQI6YW","N/A","","https://www.zoro.com/i/G6932989","","1","136.53","0.00","","","10.9224","129.99","Amazon","58.56","19.5","129.99","N/A","575","-65.1","-26.039999999999992","REFRIGERATOR","Login to SC",
"Cricut EasyPress 2 Raspberry - 12 x 10","B07G51DZ45","https://www.amazon.com/dp/B07G51DZ45","093573533853","","https://www.walmart.com/ip/774132657?selected=true","","1","170.49","0.00","","","13.6392","189","Amazon","43.47","28.35","189","247.35","130","-24.960000000000008","-9.840000000000003","ART_AND_CRAFT_SUPPLY","Login to SC",
"ASUS RT-AX3000 Dual-Band Wi-Fi 6 Router Lifetime Internet Security Ai-Mesh","B084BNH26P","https://www.amazon.com/dp/B084BNH26P","192876522172","","https://www.walmart.com/ip/576509979?selected=true","","1","179.99","0.00","","","14.3992","159.99","Amazon","18.78","12.8","175","150","249","-38.78","-32.80000000000001","NETWORKING_ROUTER","Login to SC",
"Womens Sterling Silver 50mm Hoop Earrings","B01KIG4YNO","https://www.amazon.com/dp/B01KIG4YNO","729881767788","","https://www.boscovs.com/shop/prod/womens-sterling-silver-50mm-hoop-earrings/562107.htm?vId=562107_1007262","","1","20","9.95","","","1.6","189.99","Amazon","45.14","28.5","199.95","189.99","5,848","114.90000000000002","131.54000000000002","COFFEE_MAKER","Login to SC",
"Cuisinart ICE-21 Frozen Yogurt/Ice Cream Maker","B003KYSLMW","https://www.amazon.com/dp/B003KYSLMW","N/A","","https://www.overstock.com/Home-Garden/Cuisinart-ICE-21-Frozen-Yogurt-Ice-Cream-Maker/7587504/product.html","","1","63.99","0.00","","","5.1192","69.95","Amazon","24.47","10.49","69.95","69.95","228","-18.509999999999998","-4.530000000000001","KITCHEN","Login to SC",
"Mr. Coffee Cafe Barista Black & Silver Espresso Maker","B007K9OIMU","https://www.amazon.com/dp/B007K9OIMU","072179232117","","https://www.walmart.com/ip/24293168?selected=true","","1","181.95","0.00","","","14.556","181.95","Amazon","41.27","27.29","181.95","180","9,084","-41.27000000000001","-27.289999999999992","COFFEE_MAKER","Login to SC",
"eufy [boostiq] robovac 30c robot vacuum cleaner wi-fi super-thin 1500pa suction boundary strips included quiet self-charging robotic vacuum cleaner cleans hard floors to medium-pile carpets","B07D75MVX9","https://www.amazon.com/dp/B07D75MVX9","848061065138","","https://www.walmart.com/ip/901852740?selected=true","","1","210","0.00","","","16.8","179.99","Amazon","35.19","27","179.99","N/A","8,131","-65.19999999999999","-57.00999999999999","ROBOTIC_VACUUM_CLEANER","Login to SC",
"BISSELL SpotBot Pet Portable Spot and Stain Cleaner 33N8A","B003Y3AA2S","https://www.amazon.com/dp/B003Y3AA2S","011120031850","","https://www.walmart.com/ip/20513288?selected=true","","1","179.99","0.00","","","14.3992","179.99","Amazon","45.16","27","179.99","299.99","10,985","-45.16","-27","VACUUM_CLEANER","Login to SC",
"Countertop/Built-In Microwave Oven1250W","B01DEWZUG4","https://www.amazon.com/dp/B01DEWZUG4","N/A","","https://www.zoro.com/i/G5462033","","1","186.25","0.00","","","14.9","162.99","Amazon","49.07","24.45","162.99","210.91","2,309","-72.32999999999998","-47.70999999999998","MICROWAVE_OVEN","Login to SC",
"Multi-Purpose Canister Steam Cleaner","B00G00BT72","https://www.amazon.com/dp/B00G00BT72","047171013750","","https://www.homedepot.com/p/McCulloch-Multi-Purpose-Canister-Steam-Cleaner-MC1375/205612131","","1","169.99","0.00","","","13.599200000000002","169.99","Amazon","46.32","25.5","169.99","169.99","9,306","-46.31999999999999","-25.5","STEAM_CLEANER","Login to SC",
"BLACK+DECKER MTC220 20V MAX Cordless 12 Lithium-Ion 3-in-1 Trimmer/Edger and Mower + 2 Batteries","B00HH4K548","https://www.amazon.com/dp/B00HH4K548","885911343312","","https://www.walmart.com/ip/33587770?selected=true","","1","169.99","0.00","","","13.599200000000002","149.99","Amazon","42.01","20.7","148.49","137.99","1,361","-62.00999999999999","-40.69999999999999","LAWN_MOWER","Login to SC",
"Sensi Wi-Fi Smart Thermostat for Smart Home","B01NB1OB0I","https://www.amazon.com/dp/B01NB1OB0I","786710554827","","https://www.homedepot.com/p/Emerson-Sensi-Wi-Fi-Smart-Thermostat-for-Smart-Home-ST55/301231478","","1","129","0.00","","","10.32","84","Amazon","19.18","12.6","97.9","84","1,710","-64.18","-57.599999999999994","HVAC_CONTROL_THERMOSTAT","Login to SC",
"Bose SoundSport Wireless Sports Earbuds - Black","B01L7PSJFO","https://www.amazon.com/dp/B01L7PSJFO","017817731355","","https://www.walmart.com/ip/445651649?selected=true","","1","129","0.00","","","10.32","129","Amazon","21.68","17.32","129","129","95","-21.680000000000007","-17.319999999999993","HEADPHONES","Login to SC",
"Schlage Be489wb-Cam Encode Wifi Enabled Electronic Keypad Deadbolt","B07HXNBWVV","https://www.amazon.com/dp/B07HXNBWVV","043156039128","","https://www.walmart.com/ip/660426735?selected=true","","1","222.35","0.00","","","17.788","222.35","Amazon","39.33","33.35","222.35","222.35","326","-39.33000000000001","-33.349999999999994","LOCK","Login to SC",
"Cuisinart AirFryers Cuisinart Digital Stainless Steel AirFryer Toaster Oven","B07MRG5F4J","https://www.amazon.com/dp/B07MRG5F4J","086279130501","","https://www.walmart.com/ip/993445939?selected=true","","1","199.9","0.00","","","15.992","269.99","Amazon","66.26","40.5","279.95","269.98","5,065","3.8300000000000125","29.590000000000003","AIR_FRYER","Login to SC",
"Ninja CP307C Hot and Cold Brewed System Auto-iQ Tea and Coffee Maker","B07FX73Y7H","https://www.amazon.com/dp/B07FX73Y7H","622356553964","","https://www.walmart.com/ip/969408900?selected=true","","1","207","0.00","","","16.56","229.99","Amazon","53.04","34.5","229.99","229.97","9,968","-30.049999999999983","-11.509999999999991","COFFEE_MAKER","Login to SC",
"Black & Decker LDX120PK 20V MAX Project Kit","B00C625KVE","https://www.amazon.com/dp/B00C625KVE","885911305204","","https://www.farmandfleet.com/products/786849-black-and-decker-ldx120pk-20v-max-project-kit.html","","1","79.99","N/A","","","6.3991999999999996","74.97","Amazon","21.19","9","74.97","77.99","820","-26.209999999999994","-14.019999999999996","DRILL","Login to SC",
"J.A. Henckels International Statement 15-pc Knife Block Set","B00GHX5HGG","https://www.amazon.com/dp/B00GHX5HGG","035886319113","","https://www.walmart.com/ip/43493083?selected=true","","1","139.99","0.00","","","11.199200000000001","127.73","Amazon","27.24","19.16","127.73","125.79","643","-39.5","-31.42","KNIFE_BLOCK_SET","Login to SC",
"Shark - Navigator Pet Pro ZU62 Bagless Pet Upright Vacuum - Pewter Gray Metallic","B07NFRP2RK","https://www.amazon.com/dp/B07NFRP2RK","622356556699","","https://www.walmart.com/ip/441026680?selected=true","","1","245","0.00","","","19.6","249.99","Amazon","60.22","37.5","249.99","197.77","2,365","-55.22999999999999","-32.50999999999999","VACUUM_CLEANER","Login to SC",
"Storkcraft Hoop Glider and Ottoman White with Gray Cushions","B00I5ELBA6","https://www.amazon.com/dp/B00I5ELBA6","056927089802","","https://www.walmart.com/ip/35125515?selected=true","","1","144","0.00","","","11.52","149.99","Amazon","71.7","22.5","149.99","175.49","448","-65.71","-16.50999999999999","CHAIR","Login to SC",
"Granitestone Blue Nonstick 20 Piece Cookware and Bakeware Set","B08FCYC3VY","https://www.amazon.com/dp/B08FCYC3VY","N/A","","https://www.overstock.com/Home-Garden/Granitestone-Blue-Nonstick-20-Piece-Cookware-and-Bakeware-Set./32262990/product.html","","1","217.99","0.00","","","17.4392","189.42","Amazon","51.89","28.41","189.42","198.94","6,471","-80.46000000000004","-56.98000000000002","SAUTE_FRY_PAN","Login to SC",
"2-Burner Professional Portable Propane Gas Grill","B00F3BHB80","https://www.amazon.com/dp/B00F3BHB80","817096012110","","https://www.homedepot.com/p/Cuisinart-2-Burner-Professional-Portable-Propane-Gas-Grill-CGG-306/205195259","","1","174.64","0.00","","","13.9712","174.64","Amazon","54.62","26.2","174.64","249","1,928","-54.620000000000005","-26.19999999999999","BARBECUE_GRILL","Login to SC",
"Hoover Power Scrub Deluxe Carpet Cleaner FH50150","B009ZJ2M7G","https://www.amazon.com/dp/B009ZJ2M7G","073502037003","","https://www.walmart.com/ip/23703441?selected=true","","1","125","0.00","","","10","146.03","Amazon","50.7","21.9","146.03","209.79","N/A","-29.67","-0.8700000000000045","VACUUM_CLEANER","Login to SC",
"Modern Studio Platform 1500H Metal Bed Frame/Mattress Foundation with Headboard no Boxspring needed Wooden Slat Support Queen","B01B8GQAOO","https://www.amazon.com/dp/B01B8GQAOO","841550085433","","https://www.walmart.com/ip/131060075?selected=true","","1","195.33","0.00","","","15.6264","144.98","Amazon","61.2","21.75","144.98","144.98","1,777","-111.55000000000003","-72.10000000000002","BED_FRAME","Login to SC",
"26 Faux Leather Counter Stool 2 pack - Whiskey Brown","B07DPN5HKR","https://www.amazon.com/dp/B07DPN5HKR","842158142290","","https://www.walmart.com/ip/352163057?selected=true","","1","164","0.00","","","13.12","164","Amazon","58.72","24.6","164","160.87","4,081","-58.72","-24.599999999999994","HOME_FURNITURE_AND_DECOR","Login to SC",
"Honeywell Xerxes 62 Oil Rubbed Bronze LED Remote Control Ceiling Fan 8 Blade Integrated Light","B07GJBRKPC","https://www.amazon.com/dp/B07GJBRKPC","671961506094","","https://www.walmart.com/ip/835410554?selected=true","","1","221.99","0.00","","","17.7592","199","Amazon","50.4","29.85","199","245.02","2,163","-73.39000000000001","-52.84","ELECTRIC_FAN","Login to SC",
"3-Piece Grey Folding Table Bench Set","B0015TRLQQ","https://www.amazon.com/dp/B0015TRLQQ","090234135005","","https://www.homedepot.com/p/Office-Star-Products-3-Piece-Grey-Folding-Table-Bench-Set-QT3965/203144810","","1","173.52","0.00","","","13.8816","173.52","Amazon","65.87","26.03","173.52","234.25","11,840","-65.87","-26.03","TABLE","Login to SC",
"Keter Pacific 7.5 Gallon Cool Bar  Resin Outdoor Patio Beverage Cooler Table Extra Storage Rattan Look Brown","B007O1CAZQ","https://www.amazon.com/dp/B007O1CAZQ","731161034114","","https://www.walmart.com/ip/608546079?selected=true","","1","136.99","0.00","","","10.959200000000001","81.89","Amazon","39.18","12.28","81.89","79.99","312","-94.28","-67.38000000000001","TABLE","Login to SC",
"22 in. 20V MAX Lithium-Ion Cordless Hedge Trimmer (Tool Only)","B01BSURQXO","https://www.amazon.com/dp/B01BSURQXO","885911457132","","https://www.homedepot.com/p/DEWALT-22-in-20V-MAX-Lithium-Ion-Cordless-Hedge-Trimmer-Tool-Only-DCHT820B/206596787","","1","129","0.00","","","10.32","123.92","Amazon","34.85","18.59","N/A","123.92","756","-39.93000000000001","-23.67","OUTDOOR_LIVING","Login to SC",
"Flexzilla Garden Hose 5/8 x 100 3/4 - 11 1/2 GHT Fittings","B0080JA346","https://www.amazon.com/dp/B0080JA346","092329591000","","https://www.walmart.com/ip/51711753?selected=true","","1","25.9","5.99","","","2.072","64.99","Amazon","23.73","9.75","N/A","78.1","8","9.36999999999999","23.349999999999994","HARDWARE_TUBING","Login to SC",
"Hoover SmartWash Pet Carpet Cleaner FH53000","B085WP2N4Q","https://www.amazon.com/dp/B085WP2N4Q","073502046531","","https://www.walmart.com/ip/836277545?selected=true","","1","256.09","0.00","","","20.487199999999998","241.15","Amazon","84.59","36.169999999999995","241.15","249.99","10,566","-99.52999999999997","-51.10999999999996","HOME","Login to SC",
"WANDVAC Cord-Free Handheld Vacuum","B07FX5K4D6","https://www.amazon.com/dp/B07FX5K4D6","622356555296","","https://www.homedepot.com/p/Shark-WANDVAC-Cord-Free-Handheld-Vacuum-WV201/309625053","","1","116.15","0.00","","","9.292","119.99","Amazon","29.43","18","119.99","163.99","4,565","-25.590000000000003","-14.16000000000001","VACUUM_CLEANER","Login to SC",
"Storage Metal Shelf Wire Shelving Unit with Wheels 82x48x18 Sturdy Steel Heavy Duty 6 Tier Layer Rack with Casters for Restaurant Garage Pantry Kitchen Garage Rack Black","B07FXH81ZT","https://www.amazon.com/dp/B07FXH81ZT","848837052751","","https://www.walmart.com/ip/321578574?selected=true","","1","169.08","0.00","","","13.5264","139.99","Amazon","54.74","21","N/A","139.99","3,667","-83.83000000000001","-50.09","SHELF","Login to SC",
"Ninja CE251 - Coffee maker - 12 cups - silver","B07S98411N","https://www.amazon.com/dp/B07S98411N","622356559225","","https://www.walmart.com/ip/267091616?selected=true","","1","98.35","0.00","","","7.867999999999999","79.99","Amazon","25.6","12","79.99","103.85","2,981","-43.96","-30.36","COFFEE_MAKER","Login to SC",
"PrimaSleep Premium Cool Gel Multi Layered Memory Foam Bed Mattress Twin","B06XT9XM6W","https://www.amazon.com/dp/B06XT9XM6W","855222007302","","https://www.walmart.com/ip/551135818?selected=true","","1","184.52","0.00","","","14.761600000000001","153.37","Amazon","48.01","23.01","153.37","199.65","9,448","-79.16","-54.16","MATTRESS","Login to SC",
"Shark Navigator  Lift Away Professional Upright Vacuum","B01D1YYHSC","https://www.amazon.com/dp/B01D1YYHSC","N/A","","https://www.overstock.com/Home-Garden/Navigator-Lift-Away-Professional-Upright-Vacuum/11319395/product.html","","1","199.98","0.00","","","15.998399999999998","199.99","Amazon","51.96","30","199.99","266.64","2,733","-51.94999999999999","-29.98999999999998","VACUUM_CLEANER","Login to SC",
"Sauder HomePlus Tall 2-Door Wood Storage Cabinet with 4 Shelves Soft White","B0756M8RK1","https://www.amazon.com/dp/B0756M8RK1","042666036504","","https://www.walmart.com/ip/508762026?selected=true","","1","178.49","0.00","","","14.279200000000001","178.49","Amazon","77.92","26.77","178.49","184.37","3,818","-77.92","-26.77000000000001","CABINET","Login to SC",
"Anova Sous Vide Precision Cooker Wifi | 1000W","B07WQ4M5TS","https://www.amazon.com/dp/B07WQ4M5TS","851607006601","","https://www.walmart.com/ip/674453641?selected=true","","1","182","0.00","","","14.56","199","Amazon","35.53","29.85","199","199.99","3,042","-18.53","-12.849999999999994","SOUS_VIDE_MACHINE","Login to SC",
"Breville The Compact Smart Oven 1800W .6 cu ft Interior","B00357YS3A","https://www.amazon.com/dp/B00357YS3A","021614053268","","https://www.walmart.com/ip/54944317?selected=true","","1","159.98","0.00","","","12.798399999999999","189.95","Amazon","51.21","28.490000000000002","189.95","189.95","2,983","-21.24000000000001","1.4799999999999898","COUNTERTOP_OVEN","Login to SC",
"Levoiti LV-H133 - True Hepa Air Purifer for Large Rooms","B07CNQQM9N","https://www.amazon.com/dp/B07CNQQM9N","817915023624","","https://www.walmart.com/ip/521950521?selected=true","","1","199.99","0.00","","","15.9992","199.99","Amazon","55.76","30","199.99","411.99","3,906","-55.75999999999999","-30","AIR_PURIFIER","Login to SC",
"Fujitsu ScanSnap S1300i Portable Color Duplex Scanner for PC and Mac","B008HBFADQ","https://www.amazon.com/dp/B008HBFADQ","097564307904","","https://www.walmart.com/ip/21978072?selected=true","","1","265.31","0.00","","","21.224800000000002","259.99","Amazon","27.08","20.8","259.99","259.94","10,613","-32.39999999999998","-26.120000000000005","SCANNER","Login to SC",
"Hodedah Complete Metal Bed with Headboard Footboard and Mahogany Wood Posts in Twin Size","B079V2216W","https://www.amazon.com/dp/B079V2216W","810179030483","","https://www.walmart.com/ip/492730089?selected=true","","1","90.99","0.00","","","7.2791999999999994","90.99","Amazon","43.739999999999995","13.65","90.99","101.75","6,685","-43.739999999999995","-13.650000000000006","BED_FRAME","Login to SC",
"ChefSteps Joule Sous Vide 1100 Watts All White","B0727R431B","https://www.amazon.com/dp/B0727R431B","855869006010","","https://www.walmart.com/ip/862157298?selected=true","","1","259.9","0.00","","","20.791999999999998","199.95","Amazon","35.67","29.99","199.95","N/A","706","-95.62","-89.94","SOUS_VIDE_MACHINE","Login to SC",
"Rhythm Smarter Kit","B079FZGZS4","https://www.amazon.com/dp/B079FZGZS4","740016551515","","https://www.homedepot.com/p/Nanoleaf-Rhythm-Smarter-Kit-NL28-2003TW-9PK/303542283","","1","193.99","0.00","","","15.519200000000001","197.26","Amazon","36.47","29.59","197.26","199.99","4,721","-33.20000000000002","-26.32000000000002","LIGHT_FIXTURE","Login to SC",
"ClosetMaid White Pantry Cabinet Wood","B002IPG47I","https://www.amazon.com/dp/B002IPG47I","075381089678","","https://www.walmart.com/ip/45626290?selected=true","","1","178","0.00","","","14.24","144.69","Amazon","58.03","21.7","144.69","149.99","7,092","-91.34","-55.010000000000005","CABINET","Login to SC",
"MedPride Nitrile Exam Gloves Powder Free Medium Box of 100","B0143X56Y4","https://www.amazon.com/dp/B0143X56Y4","352410505041","","https://www.walmart.com/ip/153811639?selected=true","","1","25.87","5.99","","","2.0696","168.77","Amazon","37.4","25.32","168.77","N/A","1,066","99.51","111.59000000000002","PROTECTIVE_GLOVE","Login to SC",
"Cuisinart Premium Single Serve Stainless Steel Coffee Maker","B014W1C2VM","https://www.amazon.com/dp/B014W1C2VM","086279090621","","https://www.walmart.com/ip/54277981?selected=true","","1","139.95","0.00","","","11.196","139.95","Amazon","36.49","20.99","139.95","129.99","6,963","-36.49000000000001","-20.989999999999995","COFFEE_MAKER","Login to SC",
"Honeywell Wifi 9000 Color Touchscreen Thermostat","B00G4CIG7M","https://www.amazon.com/dp/B00G4CIG7M","085267344951","","https://www.walmart.com/ip/116778994?selected=true","","1","137.5","0.00","","","11","135.99","Amazon","24.04","20.4","135.99","199.95","3,077","-25.549999999999983","-21.909999999999997","HVAC_CONTROL_THERMOSTAT","Login to SC",
"T-Fal Signature 12-piece Nonstick Cookware Set","B001167VIQ","https://www.amazon.com/dp/B001167VIQ","N/A","","https://www.overstock.com/Home-Garden/T-Fal-Signature-12-piece-Nonstick-Cookware-Set/3205347/product.html","","1","95.99","0.00","","","7.6792","81.4","Amazon","28.85","12.21","81.4","78.99","720","-43.43999999999999","-26.799999999999997","HOME","Login to SC",
"Rowenta DW5080 Beige Focus Auto Shut Off 400-Hole Stainless Steel Soleplate Steam Iron 1700-Watts","B004ILTH1K","https://www.amazon.com/dp/B004ILTH1K","N/A","","https://www.overstock.com/Home-Garden/Rowenta-DW5080-Beige-Focus-Auto-Shut-Off-400-Hole-Stainless-Steel-Soleplate-Steam-Iron-1700-Watts/8584738/product.html","","1","89.97","0.00","","","7.1975999999999996","89.98","Amazon","19.48","13.5","89.98","109.73","3,303","-19.47","-13.489999999999995","HOME","Login to SC",
"Cuisinart Tea Kettles PerfecTemp Cordless Electric Kettle","B003KYSLNQ","https://www.amazon.com/dp/B003KYSLNQ","086279168122","","https://www.walmart.com/ip/543222882?selected=true","","1","86.4","0.00","","","6.912000000000001","86.4","Amazon","24.28","12.96","86.4","99.95","3,430","-24.28","-12.960000000000008","ELECTRIC_WATER_BOILER","Login to SC",
"Sauder Edge Water Computer Desk Estate Black Finish","B00A15B1Y8","https://www.amazon.com/dp/B00A15B1Y8","042666610957","","https://www.walmart.com/ip/13044818?selected=true","","1","210.81","0.00","","","16.8648","210.81","Amazon","91.98","31.08","210.81","252.75","8,177","-91.98","-31.079999999999984","DESK","Login to SC",
"Tommy Bahama 5 Position Green Stripe Beach Chair","B0852B4FF4","https://www.amazon.com/dp/B0852B4FF4","080958388368","","https://www.walmart.com/ip/831207971?selected=true","","1","99.99","0.00","","","7.999199999999999","189.98","Amazon","50.839999999999996","28.5","N/A","189.96","29,185","39.14999999999999","61.489999999999995","CHAIR","Login to SC",
"T-fal FR702D51 EZ Clean Deep Fryer 1.8 L  Stainless Steel","B00NQ7QFGM","https://www.amazon.com/dp/B00NQ7QFGM","010942216629","","https://www.walmart.com/ip/35462010?selected=true","","1","116.76","0.00","","","9.3408","123.2","Amazon","38.54","18.48","123.2","120","1,712","-32.10000000000001","-12.040000000000006","DEEP_FRYER","Login to SC",
"Rachio 3 - Garden smart irrigation controller","B07CZ5K355","https://www.amazon.com/dp/B07CZ5K355","680140538870","","https://www.walmart.com/ip/642832850?selected=true","","1","295.8","0.00","","","23.664","251.99","Amazon","43.48","37.8","251.99","221.84","197","-87.28999999999999","-81.61000000000001","OUTDOOR_LIVING","Login to SC",
"Breville Nespresso Essenza Mini Single-Serve Machine in Piano Black","B073ZGWN12","https://www.amazon.com/dp/B073ZGWN12","021614999528","","https://www.walmart.com/ip/873423317?selected=true","","1","138.16","0.00","","","11.0528","138.16","Amazon","27.900000000000002","20.720000000000002","138.16","145","3,965","-27.900000000000006","-20.72","COFFEE_MAKER","Login to SC",
"McCulloch Heavy Duty Deep Clean Handheld Canister Steam Cleaner + 18 Accessories","B0000DF0RB","https://www.amazon.com/dp/B0000DF0RB","047171012753","","https://www.walmart.com/ip/10771195?selected=true","","1","164","0.00","","","13.12","139.99","Amazon","37.64","21","139.99","139.99","7,220","-61.64999999999999","-45.00999999999999","STEAM_CLEANER","Login to SC",
"iRobot - Braava jet 240 Mopping Robot - White","B019OH9898","https://www.amazon.com/dp/B019OH9898","885155010292","","https://www.walmart.com/ip/134947487?selected=true","","1","179","0.00","","","14.32","179","Amazon","33.239999999999995","26.85","179","165","10,623","-33.24000000000001","-26.849999999999994","ROBOTIC_VACUUM_CLEANER","Login to SC",
"Panasonic NN-SN966SR 2.2cuft Luxury Microwave with Inverter Technology","B01DEWZWDU","https://www.amazon.com/dp/B01DEWZWDU","885170283015","","https://www.walmart.com/ip/51988659?selected=true","","1","232.91","0.00","","","18.6328","229.37","Amazon","67.39","34.41","229.37","261.53","2,422","-70.92999999999998","-37.94999999999999","MICROWAVE_OVEN","Login to SC",
"Twin Over Full Bunk Bed Metal Dorel Multiple Colors Space-Saving Design Durable Steel Frame Construction (Black)","B004LQ1R4C","https://www.amazon.com/dp/B004LQ1R4C","709238715075","","https://www.walmart.com/ip/281464744?selected=true","","1","224.9","0.00","","","17.992","171.78","Amazon","75.75","25.77","202.27","171.77","5,784","-128.87","-78.89000000000001","BED_FRAME","Login to SC",
"Char-Broil Classic 360 3-Burner Liquid Propane Gas Grill with Side Burner","B01HM7BV6U","https://www.amazon.com/dp/B01HM7BV6U","047362377388","","https://www.walmart.com/ip/953106185?selected=true","","1","224","0.00","","","17.92","189.99","Amazon","68.73","28.5","189.99","439.98","4,329","-102.74","-62.50999999999999","BARBECUE_GRILL","Login to SC",
"Keurig K-Duo Plus Single Serve & Carafe Coffee Maker","B07P5W3J29","https://www.amazon.com/dp/B07P5W3J29","611247379820","","https://www.walmart.com/ip/629084823?selected=true","","1","208.22","0.00","","","16.6576","199.99","Amazon","48.16","30","199.99","180.9","18,999","-56.389999999999986","-38.22999999999999","COFFEE_MAKER","Login to SC",
"Bissell 18P03 Garage Pro Wet/ Dry Vacuum","B003R3JFJO","https://www.amazon.com/dp/B003R3JFJO","N/A","","https://www.overstock.com/Home-Garden/Bissell-18P03-Garage-Pro-Wet-Dry-Vacuum/6760996/product.html","","1","219.99","0.00","","","17.5992","184.51","Amazon","67.13","27.68","184.51","249.09","2,360","-102.61000000000001","-63.160000000000025","VACUUM_CLEANER","Login to SC",
"NETGEAR Nighthawk Cable Modem WiFi Router Combo C7000-Compatible with all Cable Providers including Xfinity by Comcast Spectrum Cox | For Cable Plans Up to 400 Mbps | AC1900 WiFi speed | DOCSIS 3.0","B07PSY2RVD","https://www.amazon.com/dp/B07PSY2RVD","885170363656","","https://www.walmart.com/ip/207410089?selected=true","","1","198.62","0.00","","","15.8896","183.58","Amazon","51.78","27.54","183.58","N/A","3,228","-66.82","-42.579999999999984","MICROWAVE_OVEN","Login to SC",
"Compact Refrigerator2.5 cu. ft.","B01DZQI70K","https://www.amazon.com/dp/B01DZQI70K","N/A","","https://www.zoro.com/i/G6933077","","1","170.86","0.00","","","13.668800000000001","201","Amazon","75.84","30.15","201","299.88","6,861","-45.70000000000002","-0.010000000000019327","REFRIGERATOR","Login to SC",
"simplehuman Rectangular Step Brushed Stainless Steel Trash Can (13 Gallons)","B0000E2OAT","https://www.amazon.com/dp/B0000E2OAT","N/A","","https://www.overstock.com/Home-Garden/simplehuman-Rectangular-Step-Brushed-Stainless-Steel-Trash-Can-13-Gallons/8035753/product.html","","1","130","0.00","","","10.4","129.99","Amazon","72.6","19.5","129.99","129.99","2,234","-72.60999999999999","-19.50999999999999","TRASH_CAN","Login to SC",
"Rowenta Steamforce Steam Iron with Auto Shut Off DW9280","B00CLD39C0","https://www.amazon.com/dp/B00CLD39C0","014501163249","","https://www.walmart.com/ip/47662474?selected=true","","1","140","0.00","","","11.2","145.39","Amazon","28.39","21.81","145.29","144.49","6,368","-23.000000000000014","-16.420000000000016","HOME","Login to SC",
"Calphalon Classic Nonstick Sauce Pan with Cover 2.5-Quart Grey 2.5 Quart","B00HQWONBW","https://www.amazon.com/dp/B00HQWONBW","719918348448","","https://www.walmart.com/ip/950440029?selected=true","","1","199.99","0.00","","","15.9992","169.99","Amazon","44.04","25.5","169.99","194.99","2,090","-74.03999999999999","-55.5","KITCHEN","Login to SC",
"Cricut Maker Machine Champagne","B072VYPWM4","https://www.amazon.com/dp/B072VYPWM4","093573546976","","https://www.walmart.com/ip/823018082?selected=true","","1","307.21","0.00","","","24.5768","307.99","Amazon","63.98","46.2","307.99","309.99","758","-63.19999999999996","-45.41999999999996","HOME","Login to SC",
"Omega J8006HDS Quiet Dual-Stage Slow Speed Masticating Juicer","B07GWNHDXH","https://www.amazon.com/dp/B07GWNHDXH","737416099426","","https://www.walmart.com/ip/194204362?selected=true","","1","320","0.00","","","25.6","284.72","Amazon","58.59","42.71","284.72","N/A","13,637","-93.86999999999998","-77.98999999999998","JUICER","Login to SC",
"Nutri Ninja Ninja Blender Duo with Auto-iQ","B00NGV4E1G","https://www.amazon.com/dp/B00NGV4E1G","N/A","","https://www.overstock.com/Home-Garden/Nutri-Ninja-Ninja-Blender-Duo-with-Auto-iQ/11177891/product.html","","1","179.99","0.00","","","14.3992","179.55","Amazon","44.33","26.93","179.55","295","4,537","-44.76999999999998","-27.370000000000005","FOOD_BLENDER","Login to SC",
"NETGEAR CM700 - Cable modem - Gigabit Ethernet - 1.4 Gbps","B07976SNVB","https://www.amazon.com/dp/B07976SNVB","606449133851","","https://www.walmart.com/ip/267182510?selected=true","","1","116.4","0.00","","","9.312000000000001","105.79","Amazon","14.14","8.46","105.79","103.88","54","-24.75","-19.069999999999993","COMPUTER_INPUT_DEVICE","Login to SC",
"Kalorik MAXX 26 Quart Digital Air Fryer Oven AFO 46045 SS","B0872DQV7Z","https://www.amazon.com/dp/B0872DQV7Z","848052006874","","https://www.walmart.com/ip/137537043?selected=true","","1","199","0.00","","","15.92","199","Amazon","54.09","29.85","199","199","4,594","-54.09","-29.849999999999994","COUNTERTOP_OVEN","Login to SC",
"Sun Joe CJ603E 15-Amp Electric Wood Chipper/Shredder","B077YDZ725","https://www.amazon.com/dp/B077YDZ725","N/A","","https://www.overstock.com/Home-Garden/Sun-Joe-CJ603E-Cutting-Diameter-Electric-Silent-Wood-Chipper-Shredder-15-Amp-1.7-Inch/20497476/product.html","","1","176.99","0.00","","","14.1592","176.89","Amazon","48.87","26.53","176.89","175","4,145","-48.97000000000003","-26.630000000000024","OUTDOOR_LIVING","Login to SC",
"Mesh Drafting Chair Padded Flip-up Back Seat Frame: Black","B0728HM239","https://www.amazon.com/dp/B0728HM239","N/A","","https://www.zoro.com/i/G3611489","","1","36.43","5","","","2.9144","149.99","Amazon","52.06","22.5","149.99","188.73","1,904","56.50000000000001","86.06","CHAIR","Login to SC",
"Greenworks 20 in. 40V Pole Hedge Trimmer Head & 8 in. Pole Saw Head Combo 2.0 Ah Battery Included PSPH40B210","B01ID88KUW","https://www.amazon.com/dp/B01ID88KUW","841821023669","","https://www.walmart.com/ip/801427194?selected=true","","1","215.04","0.00","","","17.2032","186.99","Amazon","45.559999999999995","28.05","186.99","243.98","2,443","-73.60999999999999","-56.099999999999994","SAW","Login to SC",
"Breville JE98XL Juice Fountain Plus 850-Watt Juice Extractor","B003R28HWQ","https://www.amazon.com/dp/B003R28HWQ","778295032074","","https://www.walmart.com/ip/117523231?selected=true","","1","177.39","0.00","","","14.191199999999998","147.95","Amazon","38.07","22.19","147.95","147.99","3,575","-67.50999999999999","-51.629999999999995","JUICER","Login to SC",
"Breville BJE430 The Juice Fountain Cold Silver","B016J1ICDU","https://www.amazon.com/dp/B016J1ICDU","N/A","","https://www.overstock.com/Home-Garden/Breville-BJE430-The-Juice-Fountain-Cold-Silver/25776474/product.html","","1","161.95","0.00","","","12.956","N/A","Amazon","N/A","26.99","179.95","179.95","4,656","N/A","-8.990000000000009","JUICER","Login to SC",
"SAMSUNG 1TB 860 EVO-Series 2.5 SATA III Internal SSD Single Unit Version - MZ-76E1T0B/AM","B078DPCY3T","https://www.amazon.com/dp/B078DPCY3T","887276232294","","https://www.walmart.com/ip/201411818?selected=true","","1","99","0.00","","","7.92","N/A","Amazon","16.450000000000003","12.98","164","162.25","27","46.80000000000001","50.27000000000001","COMPUTER_DRIVE_OR_STORAGE","Login to SC",
"Nespresso Vertuo Coffee and Espresso Machine by DeLonghi Black","B01MCYAFOD","https://www.amazon.com/dp/B01MCYAFOD","044387021357","","https://www.walmart.com/ip/866689643?selected=true","","1","168.99","0.00","","","13.519200000000001","168.99","Amazon","40.85","25.35","168.99","225.7","4,229","-40.849999999999994","-25.349999999999994","COFFEE_MAKER","Login to SC",
"120 MPH 90 CFM 40V MAX Lithium-Ion Cordless Handheld Leaf Sweeper/Vacuum with (1) 1.5Ah Battery and Charger Included","B006Z63K1O","https://www.amazon.com/dp/B006Z63K1O","885911264433","","https://www.homedepot.com/p/BLACK-DECKER-120-MPH-90-CFM-40V-MAX-Lithium-Ion-Cordless-Handheld-Leaf-Sweeper-Vacuum-with-1-1-5Ah-Battery-and-Charger-Included-LSWV36/203190225","","1","150.49","0.00","","","12.039200000000001","N/A","Amazon","36.28","22.57","150.49","215.43","19,232","-36.28","-22.569999999999993","LEAF_BLOWER","Login to SC",
"Adjustable Storage Shelves Metal with 5 levels","B014OE6JCU","https://www.amazon.com/dp/B014OE6JCU","755464943638","","https://www.walmart.com/ip/651940416?selected=true","","1","133.8","0.00","","","10.704","111.99","Amazon","N/A","16.8","N/A","107.85","6,914","N/A","-38.610000000000014","STORAGE_RACK","Login to SC",
"Atrix Backpack HEPA Vacuum Black","B004LYNU3K","https://www.amazon.com/dp/B004LYNU3K","838067000042","","https://www.walmart.com/ip/37105892?selected=true","","1","164","0.00","","","13.12","N/A","Amazon","43.9","24.6","164","179","2,276","-43.900000000000006","-24.599999999999994","VACUUM_CLEANER","Login to SC",
"Blueair Blue Pure 411+ Air Purifier with HEPASilent technology for 99.97% removal of allergens pollen dust smoke pet dander viruses and bacteria for small rooms 185 sq ft","B085B4V3DN","https://www.amazon.com/dp/B085B4V3DN","689122013565","","https://www.walmart.com/ip/128920533?selected=true","","1","139.95","0.00","","","11.196","N/A","Amazon","30.48","16.5","109.99","179.99","3,692","-60.44","-46.459999999999994","AIR_PURIFIER","Login to SC",
"Angel Line Cambridge 24 Padded Saddle Stool White w/ Gray Cushion Set of 2","B01IJCO3JO","https://www.amazon.com/dp/B01IJCO3JO","767374000349","","https://www.walmart.com/ip/123940855?selected=true","","1","60.48","0.00","","","4.8384","112.6","Amazon","36.57","16.89","112.6","110.56","6,895","15.550000000000004","35.23","STOOL_SEATING","Login to SC",
"Bissell Icon Pet Lightweight Cordless Hard Floor Stick Vacuum 22889","B07V1JW4GF","https://www.amazon.com/dp/B07V1JW4GF","011120243390","","https://www.walmart.com/ip/898617557?selected=true","","1","328.99","0.00","","","26.319200000000002","328.99","Amazon","64.96","49.35","328.99","N/A","20,788","-64.95999999999998","-49.35000000000002","VACUUM_CLEANER","Login to SC",
"KitchenAid KSMPRA 3-Piece Pasta Roller & Cutter Attachment Set","B01DBGQR1K","https://www.amazon.com/dp/B01DBGQR1K","667649015538","","https://www.walmart.com/ip/253696591?selected=true","","1","185","0.00","","","14.8","199","Amazon","36.73","29.85","199","199","5,261","-22.72999999999999","-15.849999999999994","PASTA_MAKER","Login to SC",
"Ninja BN701 Professional Plus Blender with Auto-iQ","B0855B5Z6F","https://www.amazon.com/dp/B0855B5Z6F","622356561884","","https://www.walmart.com/ip/966510645?selected=true","","1","99.95","0.00","","","7.996","99.99","Amazon","29.74","15","99.99","99.99","1,087","-29.700000000000003","-14.960000000000008","FOOD_BLENDER","Login to SC",
"Shark HV322 Rocket TruePet Ultra-Light Upright Vacuum","B00NGVF4II","https://www.amazon.com/dp/B00NGVF4II","N/A","","https://www.overstock.com/Home-Garden/Shark-HV322-Rocket-TruePet-Ultra-Light-Upright-Vacuum/11157497/product.html","","1","229.99","0.00","","","18.3992","233.13","Amazon","51.61","34.97","233.13","231.99","14,471","-48.47000000000003","-31.830000000000013","VACUUM_CLEANER","Login to SC",
"Shark IX141 Impact Cordless Vacuum","B07S652B12","https://www.amazon.com/dp/B07S652B12","622356559935","","https://www.walmart.com/ip/969938181?selected=true","","1","228.95","0.00","","","18.316","249","Amazon","52.58","37.35","249","219.97","19,620","-32.52999999999997","-17.299999999999983","VACUUM_CLEANER","Login to SC",
"Philips Hue Play Light Bar Double Base Pack Black","B07GXB3S7Z","https://www.amazon.com/dp/B07GXB3S7Z","046677802516","","https://www.walmart.com/ip/309541443?selected=true","","1","149.99","0.00","","","11.9992","141.33","Amazon","26.88","21.2","149.99","141.33","1,604","-35.53999999999999","-29.86","LIGHT_BULB","Login to SC",
"Energy Star 30-Pint Dehumidifier with Washable Filter","B07DNCCJFN","https://www.amazon.com/dp/B07DNCCJFN","848987003108","","https://www.homedepot.com/p/Honeywell-Energy-Star-30-Pint-Dehumidifier-with-Washable-Filter-TP50WK/309765145","","1","249.99","0.00","","","19.999200000000002","249.99","Amazon","67.44","37.5","249.99","289.99","10,652","-67.44","-37.5","DEHUMIDIFIER","Login to SC",
"Best Price Mattress EB-FMS-0600F 6-Inch Memory Foam Mattress Full","B00HCZ0X9Y","https://www.amazon.com/dp/B00HCZ0X9Y","811811020480","","https://www.walmart.com/ip/385504446?selected=true","","1","179.35","0.00","","","14.347999999999999","166.88","Amazon","56.11","25.03","166.88","198.38","2,722","-68.58","-37.5","MATTRESS","Login to SC",
"Calphalon BVCLECMP1 Temp iQ Espresso Machine with Steam Wand Stainless","B07STXCNXW","https://www.amazon.com/dp/B07STXCNXW","053891128742","","https://www.walmart.com/ip/866215701?selected=true","","1","320.99","0.00","","","25.6792","314.98","Amazon","61.23","47.25","314.98","347.99","40,453","-67.23999999999998","-53.25999999999999","COFFEE_MAKER","Login to SC",
"Rubbermaid Double-Door Storage Cabinet - Base/Top 36w x 18d x 72h Gray/Black","B0000DCBMG","https://www.amazon.com/dp/B0000DCBMG","071691161967","","https://www.walmart.com/ip/22055996?selected=true","","1","290.96","0.00","","","23.276799999999998","290.96","Amazon","162.87","43.64","290.96","290","57,382","-162.87","-43.639999999999986","CABINET","Login to SC",
"DynastyMattress 4.5-Inch Gel Memory Foam Sofa Mattress Folding Mattress Queen Size","B00HK58W8U","https://www.amazon.com/dp/B00HK58W8U","788490140146","","https://www.walmart.com/ip/917822769?selected=true","","1","189","0.00","","","15.12","189","Amazon","56.01","28.35","N/A","189","16,264","-56.00999999999999","-28.349999999999994","MATTRESS","Login to SC",
"Sony WH1000XM3 Wireless Noise Canceling Over-the-Ear Headphones with Google Assistant - Silver","B07G4YL6BM","https://www.amazon.com/dp/B07G4YL6BM","027242911581","","https://www.walmart.com/ip/962350746?selected=true","","1","329.95","0.00","","","26.396","203.1","Amazon","28.31","23.25","203.1","348","159","-155.16","-150.1","HEADPHONES","Login to SC",
"VACMOP Pro Cordless Hard Floor Vacuum Spray Mop with Disposable VACMOP Pad","B084BS1J9K","https://www.amazon.com/dp/B084BS1J9K","622356562041","","https://www.homedepot.com/p/Shark-VACMOP-Pro-Cordless-Hard-Floor-Vacuum-Spray-Mop-with-Disposable-VACMOP-Pad-VM252/312860633","","1","99.99","0.00","","","7.999199999999999","89.99","Amazon","25.31","13.5","89.99","89.99","2,958","-35.31","-23.5","VACUUM_CLEANER","Login to SC",
"Classic Brands Cool Gel 12 Gel Memory Foam Mattress Twin","B00OHJL018","https://www.amazon.com/dp/B00OHJL018","849986012290","","https://www.walmart.com/ip/45589762?selected=true","","1","177.65","0.00","","","14.212","177.65","Amazon","68.83","26.65","177.65","340.99","10,048","-68.83","-26.650000000000006","MATTRESS","N/A",
"Shark ZS362 APEX DuoClean with Zero-M Corded Stick Vacuum","B07NFSG4FR","https://www.amazon.com/dp/B07NFSG4FR","N/A","","https://www.overstock.com/Home-Garden/Shark-ZS362-APEX-DuoClean-with-Zero-M-Corded-Stick-Vacuum/29126947/product.html","","1","249.99","0.00","","","19.999200000000002","270.6","Amazon","62.17","40.59","270.6","349","37,511","-41.56","-19.97999999999999","VACUUM_CLEANER","N/A",
"Slumber 1 - 8 Mattress-In-a-Box Multiple Sizes Twin","B07124P2QZ","https://www.amazon.com/dp/B07124P2QZ","723061735574","","https://www.walmart.com/ip/515097046?selected=true","","1","144.33","0.00","","","11.5464","118","Amazon","N/A","17.700000000000003","N/A","110.64","13,844","N/A","-44.030000000000015","MATTRESS","N/A",
"Rowenta Turbo Silence 16 Oscillating Pedestal Fan with Remote Control","B071JBX9MQ","https://www.amazon.com/dp/B071JBX9MQ","023108616805","","https://www.walmart.com/ip/927638374?selected=true","","1","149.58","0.00","","","11.9664","121.99","Amazon","40.37","18.3","121.99","159.56","11,254","-67.96000000000001","-45.890000000000015","ELECTRIC_FAN","N/A",
"Cosori CO130-AO 30L Toaster Oven Convection Oven Roaster Food Dehydrator and Recipes & Accessories Included","B07W67NQMN","https://www.amazon.com/dp/B07W67NQMN","817915027547","","https://www.walmart.com/ip/343926390?selected=true","","1","198","0.00","","","15.84","179.99","Amazon","56.18","27","179.99","379.99","2,467","-74.19","-45.00999999999999","COUNTERTOP_OVEN","N/A",
"Dewalt DWAFV461418 6 in. 14/18TPI Metal Recip Blade 5-Pack","B00CP8DF3O","https://www.amazon.com/dp/B00CP8DF3O","885911480130","","https://www.walmart.com/ip/118590328?selected=true","","1","21.28","5.99","","","1.7024000000000001","147.6","Amazon","34.72","18.84","N/A","157.01","8,525","85.60999999999999","101.48999999999998","VACUUM_CLEANER","N/A",
"BLACK+DECKER LST522 20V MAX Lithium-Ion 12 Cordless 2 Speed String Trimmer / Edger","B019Z72FM4","https://www.amazon.com/dp/B019Z72FM4","885911450447","","https://www.walmart.com/ip/55080697?selected=true","","1","94.4","0.00","","","7.5520000000000005","78.79","Amazon","26.29","11.82","78.79","79","730","-41.9","-27.430000000000007","STRING_TRIMMER","N/A",
"Dewalt 20V MAX XR Brushless Variable Speed Random Orbital Sander (Tool Only)","B07JQM7C28","https://www.amazon.com/dp/B07JQM7C28","885911557818","","https://www.walmart.com/ip/538959093?selected=true","","1","100.91","0.00","","","8.072799999999999","98","Amazon","17.44","11.76","98","99.38","1,419","-20.349999999999994","-14.670000000000002","HEADPHONES","N/A",
